shift_index,shift,method,metric,mean,ci95_low,ci95_high,monte_carlo_standard_error,repeat_count
0,No shift,Pooled associative latent class model,accuracy,0.802342,0.8011863816662006,0.8034976183337994,0.0005881819344182,500
0,No shift,Pooled associative latent class model,adjusted_rand_index,0.3656984633452805,0.3629141314251311,0.3684827952654299,0.0014171579724522,500
0,No shift,Pooled associative latent class model,false_atrial_renal_competing,0.3094053599073783,0.3041859268244878,0.3146247929902687,0.0026565658898534,500
0,No shift,Pooled associative latent class model,brier_score,0.1372560655414951,0.1366503631870646,0.1378617678959255,0.0003082879287136,500
0,No shift,Pooled associative latent class model,expected_calibration_error,0.0376676473419513,0.0364432906741902,0.0388920040097123,0.0006231680929583,500
0,No shift,Pooled associative latent class model,mean_posterior_entropy,0.4177266396893023,0.4163576392004308,0.4190956401781738,0.0006967883186107,500
0,No shift,Pooled associative latent class model,predicted_atrial_prevalence,0.4985199999999999,0.4951824118094579,0.501857588190542,0.0016987521059397,500
0,No shift,Pooled associative latent class model,accuracy_complete_case,0.8105934270281091,0.8093708550588182,0.8118159989974,0.0006222597243665,500
0,No shift,Pooled associative latent class model,accuracy_any_missing,0.7576726085362097,0.754589969410504,0.7607552476619153,0.0015689891645362,500
0,No shift,Pooled associative latent class model,accuracy_electrical_missing,0.7546721632664328,0.7493217865149874,0.7600225400178783,0.0027232130674015,500
0,No shift,Pooled associative latent class model,biomarker_missing_fraction,0.0548186666666666,0.0544328195420756,0.0552045137912576,0.0001963869051691,500
0,No shift,Pooled associative latent class model,all_biomarkers_missing_rate,0.000204,0.0001648252899754,0.0002431747100245,1.9938985085818812e-05,500
0,No shift,Target-calibrated associative latent model,accuracy,0.81222,0.8110738505216166,0.8133661494783835,0.0005833625147772,500
0,No shift,Target-calibrated associative latent model,adjusted_rand_index,0.3899938775887041,0.3871455661907959,0.3928421889866123,0.0014497219876556,500
0,No shift,Target-calibrated associative latent model,false_atrial_renal_competing,0.186484335696727,0.179617893231065,0.193350778162389,0.0034948540481751,500
0,No shift,Target-calibrated associative latent model,brier_score,0.130932355247705,0.1302770029111021,0.1315877075843079,0.0003335585753483,500
0,No shift,Target-calibrated associative latent model,expected_calibration_error,0.0406287881057242,0.0392325618666179,0.0420250143448306,0.0007106455705864,500
0,No shift,Target-calibrated associative latent model,mean_posterior_entropy,0.3909814622151349,0.3896778295809244,0.3922850948493454,0.0006635176529604,500
0,No shift,Target-calibrated associative latent model,predicted_atrial_prevalence,0.500474,0.4966906377710957,0.5042573622289043,0.0019256403687239,500
0,No shift,Target-calibrated associative latent model,accuracy_complete_case,0.8205669183182143,0.8193408489619352,0.8217929876744934,0.0006240398102166,500
0,No shift,Target-calibrated associative latent model,accuracy_any_missing,0.7670112004542136,0.7639854674468328,0.7700369334615943,0.0015400253191406,500
0,No shift,Target-calibrated associative latent model,accuracy_electrical_missing,0.7690391482318303,0.7638675541812934,0.7742107422823672,0.0026322169731156,500
0,No shift,Target-calibrated associative latent model,biomarker_missing_fraction,0.0548186666666666,0.0544328195420756,0.0552045137912576,0.0001963869051691,500
0,No shift,Target-calibrated associative latent model,all_biomarkers_missing_rate,0.000204,0.0001648252899754,0.0002431747100245,1.9938985085818812e-05,500
0,No shift,Frozen causal latent SCM,accuracy,0.8159959999999999,0.8149119806082004,0.8170800193917995,0.0005517397951962,500
0,No shift,Frozen causal latent SCM,adjusted_rand_index,0.3994203463672278,0.3966899087440019,0.4021507839904537,0.0013897270717029,500
0,No shift,Frozen causal latent SCM,false_atrial_renal_competing,0.1839152014619294,0.1800753267348128,0.187755076189046,0.0019544038709505,500
0,No shift,Frozen causal latent SCM,brier_score,0.1283120742405024,0.1277240292575606,0.1289001192234442,0.00029930075136,500
0,No shift,Frozen causal latent SCM,expected_calibration_error,0.0352064212348848,0.0341427879584458,0.0362700545113239,0.0005413637528496,500
0,No shift,Frozen causal latent SCM,mean_posterior_entropy,0.3929665093495715,0.391673971128305,0.3942590475708381,0.0006578708636393,500
0,No shift,Frozen causal latent SCM,predicted_atrial_prevalence,0.50257,0.4995996374398243,0.5055403625601756,0.0015118430934055,500
0,No shift,Frozen causal latent SCM,accuracy_complete_case,0.8246927818367631,0.8235559891212506,0.8258295745522756,0.0005786001475455,500
0,No shift,Frozen causal latent SCM,accuracy_any_missing,0.768895708842502,0.7658018564552069,0.7719895612297971,0.0015746964449591,500
0,No shift,Frozen causal latent SCM,accuracy_electrical_missing,0.7706030060042789,0.765311719354358,0.7758942926541997,0.0026931376270911,500
0,No shift,Frozen causal latent SCM,biomarker_missing_fraction,0.0548186666666666,0.0544328195420756,0.0552045137912576,0.0001963869051691,500
0,No shift,Frozen causal latent SCM,all_biomarkers_missing_rate,0.000204,0.0001648252899754,0.0002431747100245,1.9938985085818812e-05,500
0,No shift,Modular causal latent SCM,accuracy,0.81521,0.8141233935491731,0.8162966064508269,0.0005530565460115,500
0,No shift,Modular causal latent SCM,adjusted_rand_index,0.3974367559938487,0.3947089291950083,0.4001645827926892,0.0013883982248919,500
0,No shift,Modular causal latent SCM,false_atrial_renal_competing,0.1806898199965184,0.1758281809453923,0.1855514590476446,0.0024744573341381,500
0,No shift,Modular causal latent SCM,brier_score,0.1289720834612178,0.1283667641996178,0.1295774027228177,0.0003080929436779,500
0,No shift,Modular causal latent SCM,expected_calibration_error,0.0366243378410231,0.0354575830350503,0.0377910926469959,0.0005938501308754,500
0,No shift,Modular causal latent SCM,mean_posterior_entropy,0.3925283231075572,0.3912315161096911,0.3938251301054232,0.0006600435682463,500
0,No shift,Modular causal latent SCM,predicted_atrial_prevalence,0.50048,0.4972677898726487,0.5036922101273513,0.0016349376876459,500
0,No shift,Modular causal latent SCM,accuracy_complete_case,0.8237648565337954,0.8226147041026975,0.8249150089648932,0.000585399921421,500
0,No shift,Modular causal latent SCM,accuracy_any_missing,0.7688832050204504,0.7657980722485607,0.7719683377923401,0.0015702583704613,500
0,No shift,Modular causal latent SCM,accuracy_electrical_missing,0.7706590010118719,0.765384951600407,0.7759330504233368,0.0026843642873452,500
0,No shift,Modular causal latent SCM,biomarker_missing_fraction,0.0548186666666666,0.0544328195420756,0.0552045137912576,0.0001963869051691,500
0,No shift,Modular causal latent SCM,all_biomarkers_missing_rate,0.000204,0.0001648252899754,0.0002431747100245,1.9938985085818812e-05,500
0,No shift,Target oracle (reference),accuracy,0.819,0.8179713892284121,0.8200286107715878,0.000523538140319,500
0,No shift,Target oracle (reference),adjusted_rand_index,0.4069977263349374,0.4043764592604912,0.4096189934093837,0.0013341618883853,500
0,No shift,Target oracle (reference),false_atrial_renal_competing,0.1801818557156041,0.17744174378678,0.1829219676444282,0.0013946510605445,500
0,No shift,Target oracle (reference),brier_score,0.1265313012620999,0.1259737284752197,0.1270888740489801,0.0002837911365492,500
0,No shift,Target oracle (reference),expected_calibration_error,0.028127244536297,0.0275601771487945,0.0286943119237995,0.0002886236598809,500
0,No shift,Target oracle (reference),mean_posterior_entropy,0.3960448875604087,0.3954373611572469,0.3966524139635705,0.0003092163256418,500
0,No shift,Target oracle (reference),predicted_atrial_prevalence,0.5011619999999999,0.4997053484347267,0.502618651565273,0.0007414006081218,500
0,No shift,Target oracle (reference),accuracy_complete_case,0.8278216238518348,0.8267334695554848,0.8289097781481848,0.0005538443621505,500
0,No shift,Target oracle (reference),accuracy_any_missing,0.7711981709868548,0.7682080854699714,0.7741882565037382,0.0015218816039496,500
0,No shift,Target oracle (reference),accuracy_electrical_missing,0.7733566962328002,0.768239899517053,0.7784734929485475,0.0026043264478143,500
0,No shift,Target oracle (reference),biomarker_missing_fraction,0.0548186666666666,0.0544328195420756,0.0552045137912576,0.0001963869051691,500
0,No shift,Target oracle (reference),all_biomarkers_missing_rate,0.000204,0.0001648252899754,0.0002431747100245,1.9938985085818812e-05,500
1,Mild shift,Pooled associative latent class model,accuracy,0.7883579999999999,0.78715562299223,0.7895603770077698,0.0006119809747262,500
1,Mild shift,Pooled associative latent class model,adjusted_rand_index,0.3326806631927397,0.3299052029602253,0.335456123425254,0.0014126424968474,500
1,Mild shift,Pooled associative latent class model,false_atrial_renal_competing,0.3531541492670298,0.3479356820461303,0.3583726164879293,0.0026560742893331,500
1,Mild shift,Pooled associative latent class model,brier_score,0.14556280973987,0.144927056921271,0.146198562558469,0.0003235828921352,500
1,Mild shift,Pooled associative latent class model,expected_calibration_error,0.040891168618592,0.0396358461025045,0.0421464911346795,0.0006389289648975,500
1,Mild shift,Pooled associative latent class model,mean_posterior_entropy,0.4232081202612018,0.421854097839787,0.4245621426826166,0.0006891648425609,500
1,Mild shift,Pooled associative latent class model,predicted_atrial_prevalence,0.5177759999999999,0.5143532443274385,0.5211987556725614,0.0017421003056511,500
1,Mild shift,Pooled associative latent class model,accuracy_complete_case,0.8023865286794251,0.8010345607139702,0.80373849664488,0.0006881191738956,500
1,Mild shift,Pooled associative latent class model,accuracy_any_missing,0.7482590559016397,0.7458559461840772,0.7506621656192021,0.0012231250413342,500
1,Mild shift,Pooled associative latent class model,accuracy_electrical_missing,0.7419526038268632,0.7380218715387629,0.7458833361149636,0.0020006481839844,500
1,Mild shift,Pooled associative latent class model,biomarker_missing_fraction,0.0949606666666666,0.0944766761640844,0.0954446571692489,0.0002463395238053,500
1,Mild shift,Pooled associative latent class model,all_biomarkers_missing_rate,0.000924,0.0008448310252383,0.0010031689747616,4.029510380656145e-05,500
1,Mild shift,Target-calibrated associative latent model,accuracy,0.8058099999999999,0.8046474244913137,0.8069725755086862,0.0005917229690862,500
1,Mild shift,Target-calibrated associative latent model,adjusted_rand_index,0.3741508981361118,0.3713166123661787,0.3769851839060449,0.0014425832803917,500
1,Mild shift,Target-calibrated associative latent model,false_atrial_renal_competing,0.1919876617462653,0.1857985140730468,0.1981768094194838,0.0031501272906123,500
1,Mild shift,Target-calibrated associative latent model,brier_score,0.1348580953347424,0.1341913752950805,0.1355248153744044,0.0003393444627642,500
1,Mild shift,Target-calibrated associative latent model,expected_calibration_error,0.0422734166272139,0.0406453026642653,0.0439015305901625,0.0008286708441462,500
1,Mild shift,Target-calibrated associative latent model,mean_posterior_entropy,0.4006569556333431,0.3993531618456277,0.4019607494210585,0.0006635996762179,500
1,Mild shift,Target-calibrated associative latent model,predicted_atrial_prevalence,0.49912,0.4949820267356711,0.5032579732643289,0.0021061288558668,500
1,Mild shift,Target-calibrated associative latent model,accuracy_complete_case,0.8200601846622948,0.818711837789765,0.8214085315348246,0.0006862761246992,500
1,Mild shift,Target-calibrated associative latent model,accuracy_any_missing,0.7650543399872465,0.7627362728236885,0.7673724071508045,0.0011798404269774,500
1,Mild shift,Target-calibrated associative latent model,accuracy_electrical_missing,0.7672805560667191,0.7634480781517912,0.771113033981647,0.0019506390714709,500
1,Mild shift,Target-calibrated associative latent model,biomarker_missing_fraction,0.0949606666666666,0.0944766761640844,0.0954446571692489,0.0002463395238053,500
1,Mild shift,Target-calibrated associative latent model,all_biomarkers_missing_rate,0.000924,0.0008448310252383,0.0010031689747616,4.029510380656145e-05,500
1,Mild shift,Frozen causal latent SCM,accuracy,0.8086279999999999,0.80751660343701,0.8097393965629898,0.0005656741167959,500
1,Mild shift,Frozen causal latent SCM,adjusted_rand_index,0.3810237864779741,0.3782830263003345,0.3837645466556136,0.0013949810035985,500
1,Mild shift,Frozen causal latent SCM,false_atrial_renal_competing,0.2344225311725725,0.2303645446122021,0.238480517732943,0.002065417547569,500
1,Mild shift,Frozen causal latent SCM,brier_score,0.1327653943190734,0.1321673885429388,0.1333634000952079,0.0003043705554961,500
1,Mild shift,Frozen causal latent SCM,expected_calibration_error,0.0378735125410254,0.036741509012534,0.0390055160695167,0.0005761625665518,500
1,Mild shift,Frozen causal latent SCM,mean_posterior_entropy,0.4022815946106297,0.4010094841882223,0.403553705033037,0.0006474736053945,500
1,Mild shift,Frozen causal latent SCM,predicted_atrial_prevalence,0.518826,0.5157794297867949,0.5218725702132051,0.0015506309556827,500
1,Mild shift,Frozen causal latent SCM,accuracy_complete_case,0.8235415541255107,0.8223094753626103,0.824773632888411,0.0006270984536353,500
1,Mild shift,Frozen causal latent SCM,accuracy_any_missing,0.7659739250113343,0.7636367024974645,0.7683111475252041,0.0011895900395193,500
1,Mild shift,Frozen causal latent SCM,accuracy_electrical_missing,0.7670533480064583,0.763267331902749,0.7708393641101676,0.0019269911271628,500
1,Mild shift,Frozen causal latent SCM,biomarker_missing_fraction,0.0949606666666666,0.0944766761640844,0.0954446571692489,0.0002463395238053,500
1,Mild shift,Frozen causal latent SCM,all_biomarkers_missing_rate,0.000924,0.0008448310252383,0.0010031689747616,4.029510380656145e-05,500
1,Mild shift,Modular causal latent SCM,accuracy,0.8090219999999999,0.807895422369659,0.8101485776303408,0.0005734009149089,500
1,Mild shift,Modular causal latent SCM,adjusted_rand_index,0.3820159850062629,0.3792408506528972,0.3847911193596285,0.0014124766321995,500
1,Mild shift,Modular causal latent SCM,false_atrial_renal_competing,0.1881993484176434,0.1836805666079927,0.1927181302272941,0.002299951245387,500
1,Mild shift,Modular causal latent SCM,brier_score,0.1327039535124015,0.1320869047229894,0.1333210023018136,0.0003140629911897,500
1,Mild shift,Modular causal latent SCM,expected_calibration_error,0.037568744521683,0.036303006771274,0.0388344822720919,0.0006442300686369,500
1,Mild shift,Modular causal latent SCM,mean_posterior_entropy,0.4023829900516824,0.401104751318729,0.4036612287846357,0.0006505927680507,500
1,Mild shift,Modular causal latent SCM,predicted_atrial_prevalence,0.50046,0.4970953492659758,0.5038246507340243,0.001712526289604,500
1,Mild shift,Modular causal latent SCM,accuracy_complete_case,0.8237328744387672,0.8224753774497178,0.8249903714278166,0.0006400357193298,500
1,Mild shift,Modular causal latent SCM,accuracy_any_missing,0.7669437912471933,0.7646153750214357,0.7692722074729508,0.0011851078506984,500
1,Mild shift,Modular causal latent SCM,accuracy_electrical_missing,0.7691268495987322,0.7653957206817464,0.772857978515718,0.0018990548693884,500
1,Mild shift,Modular causal latent SCM,biomarker_missing_fraction,0.0949606666666666,0.0944766761640844,0.0954446571692489,0.0002463395238053,500
1,Mild shift,Modular causal latent SCM,all_biomarkers_missing_rate,0.000924,0.0008448310252383,0.0010031689747616,4.029510380656145e-05,500
1,Mild shift,Target oracle (reference),accuracy,0.813058,0.8119986432781068,0.8141173567218931,0.0005391870894549,500
1,Mild shift,Target oracle (reference),adjusted_rand_index,0.3919931542573878,0.3893362421939911,0.3946500663207845,0.001352304330349,500
1,Mild shift,Target oracle (reference),false_atrial_renal_competing,0.186018224086656,0.1836375379742849,0.1883989101990272,0.001211711965674,500
1,Mild shift,Target oracle (reference),brier_score,0.1302005039850632,0.1296394264298762,0.1307615815402501,0.000285574979313,500
1,Mild shift,Target oracle (reference),expected_calibration_error,0.0285752214735515,0.0279789977575044,0.0291714451895987,0.0003034635297777,500
1,Mild shift,Target oracle (reference),mean_posterior_entropy,0.406012764984722,0.4054133879282132,0.4066121420412308,0.0003050685042215,500
1,Mild shift,Target oracle (reference),predicted_atrial_prevalence,0.501188,0.499725230380713,0.5026507696192869,0.0007445145504499,500
1,Mild shift,Target oracle (reference),accuracy_complete_case,0.8279204025616567,0.8267274221485331,0.8291133829747802,0.0006071983340788,500
1,Mild shift,Target oracle (reference),accuracy_any_missing,0.7705754150287938,0.7682780885315815,0.772872741526006,0.0011692839267077,500
1,Mild shift,Target oracle (reference),accuracy_electrical_missing,0.7736296066481932,0.7699588661613297,0.7773003471350568,0.0018683186110522,500
1,Mild shift,Target oracle (reference),biomarker_missing_fraction,0.0949606666666666,0.0944766761640844,0.0954446571692489,0.0002463395238053,500
1,Mild shift,Target oracle (reference),all_biomarkers_missing_rate,0.000924,0.0008448310252383,0.0010031689747616,4.029510380656145e-05,500
2,Moderate shift,Pooled associative latent class model,accuracy,0.76659,0.7652907114364615,0.7678892885635384,0.0006613066254815,500
2,Moderate shift,Pooled associative latent class model,adjusted_rand_index,0.284437374972021,0.2816602092152146,0.2872145407288273,0.001413510567687,500
2,Moderate shift,Pooled associative latent class model,false_atrial_renal_competing,0.3964838476465263,0.3912510115047573,0.4017166837882954,0.0026633877244227,500
2,Moderate shift,Pooled associative latent class model,brier_score,0.1585456647517932,0.1578472171348657,0.1592441123687207,0.0003554930364106,500
2,Moderate shift,Pooled associative latent class model,expected_calibration_error,0.0518402998583428,0.050265202315886,0.0534153974007996,0.0008016867613839,500
2,Moderate shift,Pooled associative latent class model,mean_posterior_entropy,0.4349854758812683,0.4336262888046773,0.4363446629578593,0.0006917935278138,500
2,Moderate shift,Pooled associative latent class model,predicted_atrial_prevalence,0.5415880000000001,0.5380001987195318,0.5451758012804684,0.0018261045500341,500
2,Moderate shift,Pooled associative latent class model,accuracy_complete_case,0.7922665314168205,0.7906604202499619,0.7938726425836791,0.0008174719501962,500
2,Moderate shift,Pooled associative latent class model,accuracy_any_missing,0.7310677050432693,0.7291106724227656,0.7330247376637731,0.0009960825289634,500
2,Moderate shift,Pooled associative latent class model,accuracy_electrical_missing,0.7165975392640512,0.7134821225401434,0.719712955987959,0.001585672173582,500
2,Moderate shift,Pooled associative latent class model,biomarker_missing_fraction,0.1655313333333333,0.1649474151440916,0.166115251522575,0.0002972003126334,500
2,Moderate shift,Pooled associative latent class model,all_biomarkers_missing_rate,0.004546,0.0043671303554815,0.0047248696445184,9.10403464919744e-05,500
2,Moderate shift,Target-calibrated associative latent model,accuracy,0.7918319999999999,0.7905357697400959,0.7931282302599039,0.0006597500224966,500
2,Moderate shift,Target-calibrated associative latent model,adjusted_rand_index,0.3408730242875356,0.3378571741778369,0.3438888743972342,0.0015349951619457,500
2,Moderate shift,Target-calibrated associative latent model,false_atrial_renal_competing,0.2041067777996555,0.1973717800128325,0.2108417755864785,0.0034279518684439,500
2,Moderate shift,Target-calibrated associative latent model,brier_score,0.1429906020598781,0.1422617508830496,0.1437194532367067,0.0003709677170667,500
2,Moderate shift,Target-calibrated associative latent model,expected_calibration_error,0.0469790380888522,0.0450627964707687,0.0488952797069356,0.0009753208899267,500
2,Moderate shift,Target-calibrated associative latent model,mean_posterior_entropy,0.4184336884320561,0.4171521425726531,0.419715234291459,0.0006522760158632,500
2,Moderate shift,Target-calibrated associative latent model,predicted_atrial_prevalence,0.49875,0.493802275219654,0.503697724780346,0.0025182728995868,500
2,Moderate shift,Target-calibrated associative latent model,accuracy_complete_case,0.8181064032470726,0.8164936736682538,0.8197191328258915,0.0008208405626833,500
2,Moderate shift,Target-calibrated associative latent model,accuracy_any_missing,0.7554406373448599,0.7535074541852544,0.7573738205044653,0.0009839437270461,500
2,Moderate shift,Target-calibrated associative latent model,accuracy_electrical_missing,0.751706784970785,0.748697082545548,0.754716487396022,0.0015318661384324,500
2,Moderate shift,Target-calibrated associative latent model,biomarker_missing_fraction,0.1655313333333333,0.1649474151440916,0.166115251522575,0.0002972003126334,500
2,Moderate shift,Target-calibrated associative latent model,all_biomarkers_missing_rate,0.004546,0.0043671303554815,0.0047248696445184,9.10403464919744e-05,500
2,Moderate shift,Frozen causal latent SCM,accuracy,0.7917840000000002,0.7905584420432322,0.7930095579567681,0.0006237795201668,500
2,Moderate shift,Frozen causal latent SCM,adjusted_rand_index,0.3406680479036937,0.3378096757993157,0.3435264200080717,0.0014548426452464,500
2,Moderate shift,Frozen causal latent SCM,false_atrial_renal_competing,0.2928310778053377,0.2884837654735462,0.2971783901371292,0.0022126774057195,500
2,Moderate shift,Frozen causal latent SCM,brier_score,0.1430001250864181,0.1423516360698526,0.1436486141029835,0.000330065310541,500
2,Moderate shift,Frozen causal latent SCM,expected_calibration_error,0.0465648595193306,0.044990928897067,0.0481387901415942,0.0008010928270749,500
2,Moderate shift,Frozen causal latent SCM,mean_posterior_entropy,0.418572528503871,0.4173116309228349,0.419833426084907,0.0006417665388525,500
2,Moderate shift,Frozen causal latent SCM,predicted_atrial_prevalence,0.5423579999999999,0.5391269353691628,0.545589064630837,0.0016445341763899,500
2,Moderate shift,Frozen causal latent SCM,accuracy_complete_case,0.8185178000624842,0.8170563925579911,0.8199792075669773,0.0007438212667844,500
2,Moderate shift,Frozen causal latent SCM,accuracy_any_missing,0.7547543982688025,0.7528838442560446,0.7566249522815605,0.0009520669977953,500
2,Moderate shift,Frozen causal latent SCM,accuracy_electrical_missing,0.7485945536671971,0.7455194208630231,0.751669686471371,0.0015651686274353,500
2,Moderate shift,Frozen causal latent SCM,biomarker_missing_fraction,0.1655313333333333,0.1649474151440916,0.166115251522575,0.0002972003126334,500
2,Moderate shift,Frozen causal latent SCM,all_biomarkers_missing_rate,0.004546,0.0043671303554815,0.0047248696445184,9.10403464919744e-05,500
2,Moderate shift,Modular causal latent SCM,accuracy,0.795914,0.7947352850722285,0.7970927149277716,0.0005999375451796,500
2,Moderate shift,Modular causal latent SCM,adjusted_rand_index,0.3503287823739276,0.3475409395772319,0.3531166251706234,0.0014189449241629,500
2,Moderate shift,Modular causal latent SCM,false_atrial_renal_competing,0.1992513080438047,0.1945934351851542,0.2039091809024552,0.0023707452436027,500
2,Moderate shift,Modular causal latent SCM,brier_score,0.1401944278428801,0.1395745677578705,0.1408142879278897,0.0003154938730254,500
2,Moderate shift,Modular causal latent SCM,expected_calibration_error,0.0395017534271168,0.038146019495614,0.0408574873586195,0.0006900359600266,500
2,Moderate shift,Modular causal latent SCM,mean_posterior_entropy,0.4207992656950726,0.4195539323203954,0.4220445990697497,0.0006338447322005,500
2,Moderate shift,Modular causal latent SCM,predicted_atrial_prevalence,0.499836,0.496013160654408,0.5036588393455921,0.0019457332715271,500
2,Moderate shift,Modular causal latent SCM,accuracy_complete_case,0.823054320569859,0.8216203016649127,0.8244883394748054,0.0007298811284262,500
2,Moderate shift,Modular causal latent SCM,accuracy_any_missing,0.7583428239999249,0.7564994481400421,0.7601861998598077,0.0009382339717309,500
2,Moderate shift,Modular causal latent SCM,accuracy_electrical_missing,0.7538741281912398,0.7509421378462716,0.7568061185362079,0.0014923125588783,500
2,Moderate shift,Modular causal latent SCM,biomarker_missing_fraction,0.1655313333333333,0.1649474151440916,0.166115251522575,0.0002972003126334,500
2,Moderate shift,Modular causal latent SCM,all_biomarkers_missing_rate,0.004546,0.0043671303554815,0.0047248696445184,9.10403464919744e-05,500
2,Moderate shift,Target oracle (reference),accuracy,0.8007860000000001,0.7996888572635049,0.8018831427364953,0.0005584192619746,500
2,Moderate shift,Target oracle (reference),adjusted_rand_index,0.361872795508682,0.3592274825881594,0.3645181084292047,0.0013464006456344,500
2,Moderate shift,Target oracle (reference),false_atrial_renal_competing,0.1977294014263118,0.1955110208714975,0.1999477819811261,0.0011291023410094,500
2,Moderate shift,Target oracle (reference),brier_score,0.1374237506591897,0.1368538307067739,0.1379936706116055,0.0002900755468056,500
2,Moderate shift,Target oracle (reference),expected_calibration_error,0.0288359812287214,0.0282403091827229,0.0294316532747199,0.0003031827429929,500
2,Moderate shift,Target oracle (reference),mean_posterior_entropy,0.4247167121451354,0.4241429288162339,0.4252904954740369,0.0002920419125063,500
2,Moderate shift,Target oracle (reference),predicted_atrial_prevalence,0.503164,0.5017335064101739,0.504594493589826,0.0007280868278287,500
2,Moderate shift,Target oracle (reference),accuracy_complete_case,0.8279362140865596,0.8265914313475052,0.829280996825614,0.0006844620664926,500
2,Moderate shift,Target oracle (reference),accuracy_any_missing,0.7631607052758311,0.7614058997468095,0.7649155108048528,0.0008931538038118,500
2,Moderate shift,Target oracle (reference),accuracy_electrical_missing,0.759708873482376,0.7568815572049229,0.7625361897598292,0.001439035976365,500
2,Moderate shift,Target oracle (reference),biomarker_missing_fraction,0.1655313333333333,0.1649474151440916,0.166115251522575,0.0002972003126334,500
2,Moderate shift,Target oracle (reference),all_biomarkers_missing_rate,0.004546,0.0043671303554815,0.0047248696445184,9.10403464919744e-05,500
3,Strong shift,Pooled associative latent class model,accuracy,0.7337400000000001,0.7324131559008977,0.7350668440991024,0.0006753317302569,500
3,Strong shift,Pooled associative latent class model,adjusted_rand_index,0.2186659676774364,0.2161832355305507,0.2211486998243221,0.0012636509426052,500
3,Strong shift,Pooled associative latent class model,false_atrial_renal_competing,0.4473063080834321,0.4418186795081743,0.4527939366586899,0.0027930709442378,500
3,Strong shift,Pooled associative latent class model,brier_score,0.1771871091500131,0.1764152433685689,0.1779589749314574,0.0003928611161337,500
3,Strong shift,Pooled associative latent class model,expected_calibration_error,0.071311092271392,0.0694874475984342,0.0731347369443498,0.0009281912722041,500
3,Strong shift,Pooled associative latent class model,mean_posterior_entropy,0.4507443069381789,0.4494017501702497,0.4520868637061081,0.0006833291007339,500
3,Strong shift,Pooled associative latent class model,predicted_atrial_prevalence,0.5694940000000001,0.5654171684029557,0.5735708315970444,0.0020750092179335,500
3,Strong shift,Pooled associative latent class model,accuracy_complete_case,0.7773333144773128,0.7753106229250053,0.7793560060296203,0.0010295013458777,500
3,Strong shift,Pooled associative latent class model,accuracy_any_missing,0.7054842561485414,0.7038673804434258,0.707101131853657,0.0008229508412366,500
3,Strong shift,Pooled associative latent class model,accuracy_electrical_missing,0.6818980289337717,0.679512444388516,0.6842836134790274,0.0012142051501843,500
3,Strong shift,Pooled associative latent class model,biomarker_missing_fraction,0.2667213333333333,0.2660180331816812,0.2674246334849854,0.0003579628598616,500
3,Strong shift,Pooled associative latent class model,all_biomarkers_missing_rate,0.018372,0.0180007824396453,0.0187432175603546,0.0001889408088754,500
3,Strong shift,Target-calibrated associative latent model,accuracy,0.7713900000000001,0.7700754519677593,0.772704548032241,0.0006690733279966,500
3,Strong shift,Target-calibrated associative latent model,adjusted_rand_index,0.294798273154327,0.2919575716919942,0.2976389746166599,0.0014458487134988,500
3,Strong shift,Target-calibrated associative latent model,false_atrial_renal_competing,0.2336809312482759,0.2263643887313947,0.240997473765157,0.0037239441474447,500
3,Strong shift,Target-calibrated associative latent model,brier_score,0.1541357109295727,0.1534103188902244,0.1548611029689209,0.000369207099296,500
3,Strong shift,Target-calibrated associative latent model,expected_calibration_error,0.0493538332533653,0.0473041716748694,0.0514034948318613,0.001043228440465,500
3,Strong shift,Target-calibrated associative latent model,mean_posterior_entropy,0.4449381431335347,0.4436839466709089,0.4461923395961605,0.0006383558307718,500
3,Strong shift,Target-calibrated associative latent model,predicted_atrial_prevalence,0.5068919999999999,0.50118481429672,0.5125991857032798,0.0029048202411279,500
3,Strong shift,Target-calibrated associative latent model,accuracy_complete_case,0.8164431249148104,0.8144791535331307,0.8184070962964901,0.0009996141914955,500
3,Strong shift,Target-calibrated associative latent model,accuracy_any_missing,0.7421916337288128,0.7406467504828319,0.7437365169747937,0.0007863084112587,500
3,Strong shift,Target-calibrated associative latent model,accuracy_electrical_missing,0.7323512779481955,0.7301623107714512,0.7345402451249399,0.0011141316390874,500
3,Strong shift,Target-calibrated associative latent model,biomarker_missing_fraction,0.2667213333333333,0.2660180331816812,0.2674246334849854,0.0003579628598616,500
3,Strong shift,Target-calibrated associative latent model,all_biomarkers_missing_rate,0.018372,0.0180007824396453,0.0187432175603546,0.0001889408088754,500
3,Strong shift,Frozen causal latent SCM,accuracy,0.7618339999999999,0.7605084798934449,0.7631595201065549,0.0006746578498979,500
3,Strong shift,Frozen causal latent SCM,adjusted_rand_index,0.274410381962563,0.2716342200391058,0.2771865438860202,0.0014129996406587,500
3,Strong shift,Frozen causal latent SCM,false_atrial_renal_competing,0.3660462731272658,0.3611345868352192,0.3709579594193123,0.0024999301759197,500
3,Strong shift,Frozen causal latent SCM,brier_score,0.1603551464956557,0.1596397260606719,0.1610705669306394,0.0003641317925335,500
3,Strong shift,Frozen causal latent SCM,expected_calibration_error,0.0662414904003576,0.0642345291033211,0.0682484516973941,0.0010214950243237,500
3,Strong shift,Frozen causal latent SCM,mean_posterior_entropy,0.4396651384470358,0.4384032126107194,0.4409270642833523,0.0006422898960564,500
3,Strong shift,Frozen causal latent SCM,predicted_atrial_prevalence,0.574816,0.57104233299686,0.57858966700314,0.0019207057320209,500
3,Strong shift,Frozen causal latent SCM,accuracy_complete_case,0.8060251384676224,0.8041977008149948,0.80785257612025,0.0009301218076189,500
3,Strong shift,Frozen causal latent SCM,accuracy_any_missing,0.7331905204903453,0.7315481962577612,0.7348328447229293,0.0008359035295738,500
3,Strong shift,Frozen causal latent SCM,accuracy_electrical_missing,0.7176229059071727,0.7152543877972232,0.7199914240171222,0.001205518745133,500
3,Strong shift,Frozen causal latent SCM,biomarker_missing_fraction,0.2667213333333333,0.2660180331816812,0.2674246334849854,0.0003579628598616,500
3,Strong shift,Frozen causal latent SCM,all_biomarkers_missing_rate,0.018372,0.0180007824396453,0.0187432175603546,0.0001889408088754,500
3,Strong shift,Modular causal latent SCM,accuracy,0.776044,0.7748542862275584,0.7772337137724415,0.0006055356925482,500
3,Strong shift,Modular causal latent SCM,adjusted_rand_index,0.3048374801917559,0.3022117415474186,0.3074632188360932,0.0013364378098997,500
3,Strong shift,Modular causal latent SCM,false_atrial_renal_competing,0.2252116179260898,0.2198901953564827,0.2305330404956968,0.0027084760853157,500
3,Strong shift,Modular causal latent SCM,brier_score,0.151052991051981,0.1504478488837292,0.1516581332202327,0.0003080028074235,500
3,Strong shift,Modular causal latent SCM,expected_calibration_error,0.0416318862254229,0.0402540356102587,0.043009736840587,0.0007012928200109,500
3,Strong shift,Modular causal latent SCM,mean_posterior_entropy,0.4477607992486631,0.4465670858896394,0.4489545126076869,0.0006075713859116,500
3,Strong shift,Modular causal latent SCM,predicted_atrial_prevalence,0.505626,0.5011050411228073,0.5101469588771927,0.0023010593203983,500
3,Strong shift,Modular causal latent SCM,accuracy_complete_case,0.8229333182671548,0.8212528559982458,0.8246137805360637,0.0008553148726828,500
3,Strong shift,Modular causal latent SCM,accuracy_any_missing,0.7456452673699306,0.7441479000935602,0.747142634646301,0.000762123925686,500
3,Strong shift,Modular causal latent SCM,accuracy_electrical_missing,0.7351764837021751,0.7330204793262174,0.7373324880781329,0.0010973543663812,500
3,Strong shift,Modular causal latent SCM,biomarker_missing_fraction,0.2667213333333333,0.2660180331816812,0.2674246334849854,0.0003579628598616,500
3,Strong shift,Modular causal latent SCM,all_biomarkers_missing_rate,0.018372,0.0180007824396453,0.0187432175603546,0.0001889408088754,500
3,Strong shift,Target oracle (reference),accuracy,0.780726,0.7796069962910092,0.7818450037089909,0.0005695459711265,500
3,Strong shift,Target oracle (reference),adjusted_rand_index,0.3151906037307782,0.3126747247631042,0.3177064826984522,0.0012805218770658,500
3,Strong shift,Target oracle (reference),false_atrial_renal_competing,0.221518675605675,0.2194351867626061,0.2236021644487439,0.0010604457044445,500
3,Strong shift,Target oracle (reference),brier_score,0.1479870583170546,0.1474372297263131,0.1485368869077961,0.0002798495269952,500
3,Strong shift,Target oracle (reference),expected_calibration_error,0.0294000939432229,0.0287574472975313,0.0300427405889146,0.0003270916842998,500
3,Strong shift,Target oracle (reference),mean_posterior_entropy,0.4521448838775099,0.4515826284120401,0.4527071393429796,0.0002861745073132,500
3,Strong shift,Target oracle (reference),predicted_atrial_prevalence,0.5100640000000001,0.5086336718978169,0.5114943281021832,0.0007280025985991,500
3,Strong shift,Target oracle (reference),accuracy_complete_case,0.8280462513101158,0.8263966981268381,0.8296958044933934,0.0008395828915902,500
3,Strong shift,Target oracle (reference),accuracy_any_missing,0.7500384161258057,0.7485871988166551,0.7514896334349562,0.0007386347024722,500
3,Strong shift,Target oracle (reference),accuracy_electrical_missing,0.7396666582915528,0.7375072853843513,0.7418260311987542,0.0010990688677568,500
3,Strong shift,Target oracle (reference),biomarker_missing_fraction,0.2667213333333333,0.2660180331816812,0.2674246334849854,0.0003579628598616,500
3,Strong shift,Target oracle (reference),all_biomarkers_missing_rate,0.018372,0.0180007824396453,0.0187432175603546,0.0001889408088754,500
