repeat,renal_effect_sd,method,converged,iterations,best_start,log_likelihood,minimum_effective_class_fraction,anchor_margin
0,0.0,Associative latent class model,True,17,0,-4085.167268559747,0.4890774460958754,2.1382629586397766
0,0.0,Renal-adjusted associative latent class model,True,20,1,-3603.675801442111,0.4954990078845287,2.1301816628484582
0,0.0,Biologically constrained latent SCM,True,17,3,-3604.743916861529,0.4836394692809269,2.168723484488335
1,0.0,Associative latent class model,True,11,0,-4121.276672197372,0.4954185276485448,2.3033901241872115
1,0.0,Renal-adjusted associative latent class model,True,25,3,-3642.507062876147,0.49017858036246326,2.3884400998051882
1,0.0,Biologically constrained latent SCM,True,12,0,-3643.704183557348,0.496885575936206,2.305002342333712
2,0.0,Associative latent class model,True,18,0,-4141.548863641294,0.4645420831897272,2.0815029750719565
2,0.0,Renal-adjusted associative latent class model,True,19,3,-3644.783099636714,0.4699642882090792,2.076834067295234
2,0.0,Biologically constrained latent SCM,True,18,0,-3646.7769090193287,0.4664715672452138,2.071675795944486
3,0.0,Associative latent class model,True,25,1,-4159.425913784588,0.4413182080361975,1.8964895490017017
3,0.0,Renal-adjusted associative latent class model,True,29,3,-3666.9129961833078,0.44665374512758743,1.8988679641031319
3,0.0,Biologically constrained latent SCM,True,26,1,-3667.3725573859756,0.44196402217733016,1.9025837032864228
4,0.0,Associative latent class model,True,17,1,-4152.688115740874,0.48172233535151604,1.9636149182389844
4,0.0,Renal-adjusted associative latent class model,True,19,1,-3649.890693532826,0.4839143630963567,1.9643667760887142
4,0.0,Biologically constrained latent SCM,True,18,1,-3650.4269498849435,0.48202583774218594,1.960161317095379
5,0.0,Associative latent class model,True,24,0,-4162.697885282345,0.45083122424843913,1.9574880458234354
5,0.0,Renal-adjusted associative latent class model,True,43,3,-3659.121348763889,0.434526206602189,1.988924036252816
5,0.0,Biologically constrained latent SCM,True,41,2,-3659.278191145141,0.42878569456535764,1.9980474742459422
6,0.0,Associative latent class model,True,28,1,-4148.570830354676,0.46288994034220216,1.787615383675647
6,0.0,Renal-adjusted associative latent class model,True,33,3,-3659.832081516124,0.49621770292400635,1.9419261276762985
6,0.0,Biologically constrained latent SCM,True,28,1,-3661.3240949277674,0.4633054673340629,1.7632173776651547
7,0.0,Associative latent class model,True,22,1,-4144.109390153552,0.4798118645096912,1.858545427068372
7,0.0,Renal-adjusted associative latent class model,True,27,3,-3660.4383243672028,0.48358300199889526,1.8892357991806492
7,0.0,Biologically constrained latent SCM,True,33,3,-3660.6034635661613,0.4793155036956039,1.888130376089651
8,0.0,Associative latent class model,True,17,3,-4105.400922847085,0.49735353025578405,2.179365349662642
8,0.0,Renal-adjusted associative latent class model,True,24,1,-3606.200537022027,0.49593431001320243,2.190624934268822
8,0.0,Biologically constrained latent SCM,True,14,0,-3607.436325120524,0.49470206046971704,2.1813600600772527
9,0.0,Associative latent class model,True,14,0,-4082.476558249633,0.48116228530241173,2.4036722920422067
9,0.0,Renal-adjusted associative latent class model,True,18,1,-3592.5326275517846,0.47966301899510727,2.3679962474032874
9,0.0,Biologically constrained latent SCM,True,15,3,-3592.8037746107784,0.4773955386557357,2.3827010376062843
0,0.75,Associative latent class model,True,19,1,-4096.772950305165,0.47367724539889183,1.742431598995064
0,0.75,Renal-adjusted associative latent class model,True,19,1,-3597.711341016943,0.46599010814516567,2.0137426136082275
0,0.75,Biologically constrained latent SCM,True,18,1,-3598.033268712688,0.4603146887496185,1.9912602803493895
1,0.75,Associative latent class model,True,45,2,-4159.7689243597015,0.4941529507343333,2.1081445684587115
1,0.75,Renal-adjusted associative latent class model,True,35,0,-3639.088230028561,0.4320678936816782,2.276583143751014
1,0.75,Biologically constrained latent SCM,True,40,2,-3641.080769736165,0.45462564585065096,2.1999111262988302
2,0.75,Associative latent class model,True,23,2,-4128.922806216635,0.3941183907635316,1.6247997853540221
2,0.75,Renal-adjusted associative latent class model,True,40,3,-3592.816688805251,0.37534099996016546,1.9013218534000134
2,0.75,Biologically constrained latent SCM,True,29,2,-3593.1890433195954,0.36363726632556265,1.8839909901451612
3,0.75,Associative latent class model,True,19,1,-4164.185716704129,0.4755301281296694,2.068966940965525
3,0.75,Renal-adjusted associative latent class model,True,17,1,-3648.6667994867967,0.48500675473949983,2.371183777020678
3,0.75,Biologically constrained latent SCM,True,17,1,-3649.365285261422,0.48963820126751384,2.363985164987718
4,0.75,Associative latent class model,True,21,1,-4177.046202005544,0.4582802618209857,1.9228558101433233
4,0.75,Renal-adjusted associative latent class model,True,23,0,-3652.7507354440345,0.4704052240088396,2.209972009356494
4,0.75,Biologically constrained latent SCM,True,39,2,-3653.269659308853,0.4599805896884929,2.215712932704098
5,0.75,Associative latent class model,True,12,1,-4209.168662302904,0.4866441635125585,0.995734346954664
5,0.75,Renal-adjusted associative latent class model,True,124,0,-3693.986035940167,0.39258747272588496,1.9263293968634554
5,0.75,Biologically constrained latent SCM,True,40,2,-3694.426819631015,0.3968965631531381,1.8868703725302727
6,0.75,Associative latent class model,True,22,1,-4156.90372305713,0.46034586879219375,2.0213992720534826
6,0.75,Renal-adjusted associative latent class model,True,22,1,-3644.143164280029,0.4684894333412506,2.2876464618883228
6,0.75,Biologically constrained latent SCM,True,21,3,-3644.1529936660377,0.4689212554112487,2.2878238107428364
7,0.75,Associative latent class model,True,42,2,-4148.22784327239,0.46201506733966824,1.2779129918942664
7,0.75,Renal-adjusted associative latent class model,True,32,3,-3621.8671498484555,0.48111441124674686,1.7085828585430902
7,0.75,Biologically constrained latent SCM,True,17,1,-3622.1657436703154,0.482876420668795,1.6926892038355192
8,0.75,Associative latent class model,True,19,0,-4134.269417235028,0.4808752894243378,1.762454979466699
8,0.75,Renal-adjusted associative latent class model,True,29,0,-3639.7270246757944,0.4656454100942218,1.9113691623904732
8,0.75,Biologically constrained latent SCM,True,41,2,-3640.7707951864577,0.45425939792992454,1.940751140308436
9,0.75,Associative latent class model,True,24,0,-4192.255447059168,0.4853376288117691,1.4769154171336925
9,0.75,Renal-adjusted associative latent class model,True,22,0,-3684.7431049547904,0.49366896097258894,1.783851777131472
9,0.75,Biologically constrained latent SCM,True,13,3,-3684.7910710936067,0.49472647288822796,1.7766174934378198
0,1.5,Associative latent class model,True,32,1,-4173.729554870932,0.36797485038862054,0.6954662425827369
0,1.5,Renal-adjusted associative latent class model,True,14,0,-3614.143068612102,0.4797316639740282,2.108004573840152
0,1.5,Biologically constrained latent SCM,True,14,0,-3614.5407767429924,0.47919985708826407,2.1025215075105184
1,1.5,Associative latent class model,True,23,2,-4223.830499851121,0.4939471729683109,0.9726692467526219
1,1.5,Renal-adjusted associative latent class model,True,33,3,-3684.431457512988,0.45356013550640784,2.0905293215847998
1,1.5,Biologically constrained latent SCM,True,30,3,-3684.958168701953,0.4571860943255361,2.0819527108598823
2,1.5,Associative latent class model,True,23,2,-4176.20807463168,0.46636589891491903,0.5207608931259956
2,1.5,Renal-adjusted associative latent class model,True,28,1,-3634.500878368751,0.45410422622389635,1.6783666665287984
2,1.5,Biologically constrained latent SCM,True,14,3,-3635.898420061363,0.4918545134656183,1.7623439689492488
3,1.5,Associative latent class model,True,206,3,-4107.84164421357,0.2734797884686213,0.16769217888826293
3,1.5,Renal-adjusted associative latent class model,True,22,1,-3595.039369710287,0.48851246339465293,1.6035569659579265
3,1.5,Biologically constrained latent SCM,True,31,3,-3596.9582994201432,0.48524947076333463,1.5271030198600548
4,1.5,Associative latent class model,True,49,2,-4238.272671521968,0.3265836553072095,0.5404832170116248
4,1.5,Renal-adjusted associative latent class model,True,21,0,-3709.571039217639,0.4771349589818908,1.8056812234126687
4,1.5,Biologically constrained latent SCM,True,23,0,-3710.1854458967723,0.4704650057986069,1.7955666938884898
5,1.5,Associative latent class model,True,69,1,-4200.192486016692,0.39399682609942327,0.10452666851683501
5,1.5,Renal-adjusted associative latent class model,True,13,0,-3617.9803749863504,0.496326999470472,2.2593363741207924
5,1.5,Biologically constrained latent SCM,True,13,0,-3618.02643307271,0.4959835098494406,2.2581604446482744
6,1.5,Associative latent class model,True,89,2,-4237.204751690289,0.28478965050994387,0.21032615604504484
6,1.5,Renal-adjusted associative latent class model,True,44,0,-3699.459525159507,0.49597033572585636,1.8915674770419533
6,1.5,Biologically constrained latent SCM,True,18,3,-3700.0914547581724,0.4880942726326199,1.8527672188348485
7,1.5,Associative latent class model,True,236,0,-4132.589585936315,0.28383501272570355,0.14158804914066597
7,1.5,Renal-adjusted associative latent class model,True,23,0,-3600.3966252578984,0.4790818164988058,1.884685771950471
7,1.5,Biologically constrained latent SCM,True,26,3,-3601.796445849227,0.4802756098507942,1.875274664020123
8,1.5,Associative latent class model,True,13,3,-4201.6284488655765,0.43418496851390687,0.7985132912800945
8,1.5,Renal-adjusted associative latent class model,True,23,0,-3680.562522867811,0.47880447031909723,2.008597852703576
8,1.5,Biologically constrained latent SCM,True,18,0,-3681.9539251455762,0.4937033838607341,2.0044551317653956
9,1.5,Associative latent class model,True,40,2,-4238.887250806303,0.4032196210019919,0.7648428011575701
9,1.5,Renal-adjusted associative latent class model,True,24,0,-3695.162630628972,0.45234296626537884,1.7736210574805042
9,1.5,Biologically constrained latent SCM,True,46,2,-3696.8637379671654,0.4317592587740123,1.7402653851952805
0,2.25,Associative latent class model,True,49,0,-4226.962237768155,0.28058331902510686,0.025678669882206906
0,2.25,Renal-adjusted associative latent class model,True,24,3,-3686.9435026888086,0.49687159789149554,2.3985318589621665
0,2.25,Biologically constrained latent SCM,True,15,0,-3690.4777577175805,0.49640341350309114,2.240380841883982
1,2.25,Associative latent class model,True,91,2,-4293.234077842091,0.31617041021554554,0.045992029718626204
1,2.25,Renal-adjusted associative latent class model,True,36,1,-3744.7377647754047,0.4413659728739847,1.9892405635267005
1,2.25,Biologically constrained latent SCM,True,60,2,-3745.6014110614406,0.4515058928304023,2.003281603701427
2,2.25,Associative latent class model,True,37,1,-4183.061414132224,0.35224037310104933,0.15365818074754584
2,2.25,Renal-adjusted associative latent class model,True,65,1,-3623.408975313063,0.4241793077406926,1.7438582629611221
2,2.25,Biologically constrained latent SCM,True,49,3,-3623.8675572095267,0.43668065476544,1.7571280546916321
3,2.25,Associative latent class model,True,43,0,-4202.421218059681,0.30786946812006327,0.06836884338106203
3,2.25,Renal-adjusted associative latent class model,True,36,1,-3641.005040239796,0.4912782819721565,2.049153797189362
3,2.25,Biologically constrained latent SCM,True,18,3,-3642.151221798602,0.474523943584621,2.061176890484901
4,2.25,Associative latent class model,True,38,0,-4207.398420305623,0.2891398694891659,0.012499493867054845
4,2.25,Renal-adjusted associative latent class model,True,16,0,-3661.5525024464523,0.48882058673697804,2.153232797040534
4,2.25,Biologically constrained latent SCM,True,15,0,-3662.0153919431964,0.4898039271470615,2.154757672223224
5,2.25,Associative latent class model,True,37,3,-4136.165819219223,0.3148083823960658,0.15484952464672225
5,2.25,Renal-adjusted associative latent class model,True,14,3,-3557.910599499798,0.4850096165879604,2.351873441870449
5,2.25,Biologically constrained latent SCM,True,16,3,-3558.3300518285937,0.48924248080587524,2.3276027469791325
6,2.25,Associative latent class model,True,30,3,-4193.29166527402,0.31066406597324836,0.2440180129575391
6,2.25,Renal-adjusted associative latent class model,True,38,1,-3638.80284409557,0.472553404705603,2.1895240839236165
6,2.25,Biologically constrained latent SCM,True,26,1,-3639.9340770199397,0.4779543461896556,2.1444017817181322
7,2.25,Associative latent class model,True,46,1,-4186.824318269351,0.3075345708620762,0.06484277839382713
7,2.25,Renal-adjusted associative latent class model,True,49,1,-3643.900627584088,0.4498754887286384,2.0308972374528267
7,2.25,Biologically constrained latent SCM,True,33,1,-3644.1142074411555,0.45764604103902407,2.0197814482593603
8,2.25,Associative latent class model,True,45,3,-4209.761609552128,0.28036149564279694,0.028296793529601183
8,2.25,Renal-adjusted associative latent class model,True,25,0,-3659.6431331812705,0.4854776057627567,1.926605679448945
8,2.25,Biologically constrained latent SCM,True,18,1,-3660.2032666997084,0.48844011408310123,1.9188301042317821
9,2.25,Associative latent class model,True,43,0,-4190.72578319312,0.31691710981616145,0.04574271080184544
9,2.25,Renal-adjusted associative latent class model,True,14,0,-3626.379192610407,0.49826120265752066,2.117017498043886
9,2.25,Biologically constrained latent SCM,True,14,0,-3626.7118767103475,0.49789618257481494,2.118631197932773
