renal_effect_sd,method,metric,mean,ci95_low,ci95_high,monte_carlo_standard_error,repeat_count
0.0,Associative latent class model,accuracy,0.820842,0.8196299112203072,0.8220540887796928,0.0006169240330259867,500
0.0,Associative latent class model,adjusted_rand_index,0.41192911199712207,0.4088220825092172,0.41503614148502693,0.0015814032722048057,500
0.0,Associative latent class model,false_atrial_renal_competing,0.17786141593853447,0.17280947602567814,0.1829133558513908,0.0025713158952219493,500
0.0,Associative latent class model,brier_score,0.12595383821621894,0.12527309963833705,0.12663457679410084,0.0003464795615133973,500
0.0,Associative latent class model,expected_calibration_error,0.043188255194732086,0.04152567739185436,0.044850832997609814,0.0008462121096696972,500
0.0,Associative latent class model,mean_posterior_entropy,0.3727987176566877,0.3711797765978044,0.37441765871557103,0.0008240020566239245,500
0.0,Associative latent class model,predicted_atrial_prevalence,0.498314,0.4944735049755133,0.5021544950244867,0.0019547195873911584,500
0.0,Renal-adjusted associative latent class model,accuracy,0.816722,0.8153425369821645,0.8181014630178354,0.0007021134941855435,500
0.0,Renal-adjusted associative latent class model,adjusted_rand_index,0.4016356034777701,0.39818668061546464,0.4050845263400756,0.0017554187757997974,500
0.0,Renal-adjusted associative latent class model,false_atrial_renal_competing,0.1876018285349494,0.1789473790008696,0.19625627806902918,0.004404906636902919,500
0.0,Renal-adjusted associative latent class model,brier_score,0.12884009790738862,0.12798582623941857,0.12969436957535868,0.00043480373016693347,500
0.0,Renal-adjusted associative latent class model,expected_calibration_error,0.045214597192597406,0.04354436566458315,0.046884828720611664,0.0008501076716598814,500
0.0,Renal-adjusted associative latent class model,mean_posterior_entropy,0.3687933718278059,0.36719030766752425,0.3703964359880876,0.000815921097141925,500
0.0,Renal-adjusted associative latent class model,predicted_atrial_prevalence,0.498194,0.49436970470777203,0.502018295292228,0.0019464743133432332,500
0.0,Biologically constrained latent SCM,accuracy,0.8202919999999999,0.8191030905914689,0.8214809094085309,0.0006051262906660965,500
0.0,Biologically constrained latent SCM,adjusted_rand_index,0.4104881208462873,0.4074491261130545,0.41352711557952004,0.0015467752185989783,500
0.0,Biologically constrained latent SCM,false_atrial_renal_competing,0.1782602194449772,0.17273654259982232,0.18378389629013206,0.0028114186465028226,500
0.0,Biologically constrained latent SCM,brier_score,0.12640859407072164,0.12572699991183275,0.12709018822961052,0.0003469150316656271,500
0.0,Biologically constrained latent SCM,expected_calibration_error,0.04368734140428384,0.04200272870586563,0.04537195410270205,0.0008574273414678024,500
0.0,Biologically constrained latent SCM,mean_posterior_entropy,0.3718908037351072,0.37027662062835903,0.37350498684185535,0.0008215803734359223,500
0.0,Biologically constrained latent SCM,predicted_atrial_prevalence,0.4978720000000001,0.4939650765778986,0.5017789234221015,0.00198853004389447,500
0.0,Data-generating oracle (reference),accuracy,0.8274559999999999,0.8263821327410095,0.8285298672589902,0.0005465726037979258,500
0.0,Data-generating oracle (reference),adjusted_rand_index,0.42893452832515244,0.42611887459701625,0.43175018205328863,0.001433100019296165,500
0.0,Data-generating oracle (reference),false_atrial_renal_competing,0.17366525504376967,0.17092974291812707,0.17640076716941228,0.001392309871369852,500
0.0,Data-generating oracle (reference),brier_score,0.12151841810762853,0.12095261901087356,0.1220842172043835,0.0002879781303981728,500
0.0,Data-generating oracle (reference),expected_calibration_error,0.027791247088910103,0.027226039743811017,0.02835645443400919,0.0002876769430394466,500
0.0,Data-generating oracle (reference),mean_posterior_entropy,0.3818351453875611,0.3812209970885129,0.38244929368660924,0.00031258671136356967,500
0.0,Data-generating oracle (reference),predicted_atrial_prevalence,0.500036,0.49868902439707746,0.5013829756029226,0.0006855781814539989,500
0.5,Associative latent class model,accuracy,0.806336,0.8049699986853035,0.8077020013146966,0.0006952618110984827,500
0.5,Associative latent class model,adjusted_rand_index,0.3757055604449814,0.37239447448203233,0.3790166464079304,0.0016852631095850704,500
0.5,Associative latent class model,false_atrial_renal_competing,0.3414250620404333,0.33272382459436955,0.3501262994864971,0.004428720558656514,500
0.5,Associative latent class model,brier_score,0.13602216967754227,0.1351660152687922,0.13687832408629233,0.0004357619999361215,500
0.5,Associative latent class model,expected_calibration_error,0.05214114109394771,0.05016157179026851,0.05412071039762691,0.0010075531585976199,500
0.5,Associative latent class model,mean_posterior_entropy,0.3697908665354114,0.36812162072365884,0.3714601123471639,0.0008496059657932775,500
0.5,Associative latent class model,predicted_atrial_prevalence,0.50255,0.49781387370884983,0.5072861262911502,0.002410574358420613,500
0.5,Renal-adjusted associative latent class model,accuracy,0.8163400000000001,0.8150562290894209,0.8176237709105793,0.0006534085133901606,500
0.5,Renal-adjusted associative latent class model,adjusted_rand_index,0.40053661314605965,0.39732655834381525,0.40374666794830405,0.0016338406790111272,500
0.5,Renal-adjusted associative latent class model,false_atrial_renal_competing,0.18458629296540546,0.17650165847919722,0.1926709274516137,0.004114884483986934,500
0.5,Renal-adjusted associative latent class model,brier_score,0.1290105616614828,0.12823648508166915,0.12978463824129646,0.0003939863593247941,500
0.5,Renal-adjusted associative latent class model,expected_calibration_error,0.046710669028113834,0.04486590135463693,0.04855543670159074,0.0009389423713713264,500
0.5,Renal-adjusted associative latent class model,mean_posterior_entropy,0.3699875546766858,0.36833886609124217,0.37163624326212946,0.0008391428320898829,500
0.5,Renal-adjusted associative latent class model,predicted_atrial_prevalence,0.49974599999999997,0.4953088337215896,0.5041831662784103,0.002258410903182862,500
0.5,Biologically constrained latent SCM,accuracy,0.819184,0.8179940129051289,0.8203739870948712,0.0006056748070903117,500
0.5,Biologically constrained latent SCM,adjusted_rand_index,0.4076533627840259,0.40463466810661414,0.4106720574614377,0.0015364429784878956,500
0.5,Biologically constrained latent SCM,false_atrial_renal_competing,0.1818179890341936,0.17572817749267305,0.18790780057571416,0.003099567589030278,500
0.5,Biologically constrained latent SCM,brier_score,0.12704668410053827,0.1263544583785357,0.12773890982254082,0.0003523262415566404,500
0.5,Biologically constrained latent SCM,expected_calibration_error,0.04603891612175188,0.04407481232728118,0.04800301991622258,0.0009996815864210936,500
0.5,Biologically constrained latent SCM,mean_posterior_entropy,0.3728649290488395,0.3712165608071435,0.3745132972905355,0.0008389797848279678,500
0.5,Biologically constrained latent SCM,predicted_atrial_prevalence,0.49970600000000004,0.4950809342848223,0.5043310657151777,0.002354047196724997,500
0.5,Data-generating oracle (reference),accuracy,0.8265459999999999,0.8254853980536002,0.8276066019463996,0.0005398208787758436,500
0.5,Data-generating oracle (reference),adjusted_rand_index,0.42653687978532295,0.4237667147755685,0.4293070447950774,0.0014099473558350478,500
0.5,Data-generating oracle (reference),false_atrial_renal_competing,0.17332613613698739,0.17060374846697032,0.17604852380700445,0.0013856298391548539,500
0.5,Data-generating oracle (reference),brier_score,0.12195020286141017,0.12138847135579557,0.12251193436702477,0.00028590782435041536,500
0.5,Data-generating oracle (reference),expected_calibration_error,0.0275501200118443,0.026953144014630847,0.028147096009057754,0.00030384642279584074,500
0.5,Data-generating oracle (reference),mean_posterior_entropy,0.38193789651607,0.3812997071573663,0.38257608587477376,0.0003248230324395495,500
0.5,Data-generating oracle (reference),predicted_atrial_prevalence,0.49977200000000005,0.49845758698277065,0.5010864130172294,0.000669004608603458,500
1.0,Associative latent class model,accuracy,0.733876,0.7313536719025739,0.736398328097426,0.0012838043289809479,500
1.0,Associative latent class model,adjusted_rand_index,0.22130149349333914,0.21665431680416472,0.22594867018251355,0.002365301150627311,500
1.0,Associative latent class model,false_atrial_renal_competing,0.6377043637626444,0.6271178030134488,0.64829092451184,0.00538830476998859,500
1.0,Associative latent class model,brier_score,0.18969660387246778,0.1878866966243392,0.19150651112059636,0.0009211992534090079,500
1.0,Associative latent class model,expected_calibration_error,0.12231341048360704,0.11958675408801119,0.1250400668792029,0.0013878025177936452,500
1.0,Associative latent class model,mean_posterior_entropy,0.34113065346629456,0.3395747549890729,0.3426865519435162,0.0007919148989976333,500
1.0,Associative latent class model,predicted_atrial_prevalence,0.481844,0.4763353719620134,0.48735262803798657,0.002803759165641342,500
1.0,Renal-adjusted associative latent class model,accuracy,0.8168280000000001,0.8155545323884346,0.8181014676115657,0.0006481643820299467,500
1.0,Renal-adjusted associative latent class model,adjusted_rand_index,0.4017595058301403,0.3985503186573105,0.4049686930029701,0.0016333990765092308,500
1.0,Renal-adjusted associative latent class model,false_atrial_renal_competing,0.1885120645407644,0.1798415801209864,0.19718254896054244,0.004413068008016808,500
1.0,Renal-adjusted associative latent class model,brier_score,0.1286369320582764,0.1278464558985527,0.12942740821800008,0.000402333351020069,500
1.0,Renal-adjusted associative latent class model,expected_calibration_error,0.045700721454915626,0.04386782313990251,0.04753361976992874,0.0009329011534212953,500
1.0,Renal-adjusted associative latent class model,mean_posterior_entropy,0.3699043504169521,0.36822347176557885,0.3715852290683253,0.0008555268013414551,500
1.0,Renal-adjusted associative latent class model,predicted_atrial_prevalence,0.5044,0.4999605587065231,0.5088394412934768,0.002259568831128012,500
1.0,Biologically constrained latent SCM,accuracy,0.8205339999999999,0.8193693405117801,0.8216986594882196,0.0005927836645403536,500
1.0,Biologically constrained latent SCM,adjusted_rand_index,0.4110797843406116,0.4080973750208708,0.4140621936603524,0.00151797460424897,500
1.0,Biologically constrained latent SCM,false_atrial_renal_competing,0.18262854932439013,0.176575309052725,0.18868178959605525,0.003080953692366854,500
1.0,Biologically constrained latent SCM,brier_score,0.12627241463968658,0.12557152691906076,0.1269733023603124,0.0003567349904983545,500
1.0,Biologically constrained latent SCM,expected_calibration_error,0.04484619520880453,0.04292555917455136,0.046766831243057694,0.0009775575420529876,500
1.0,Biologically constrained latent SCM,mean_posterior_entropy,0.3727462107692142,0.37107372538511263,0.3744186961533158,0.0008512548301936104,500
1.0,Biologically constrained latent SCM,predicted_atrial_prevalence,0.5050500000000001,0.5005207897261621,0.5095792102738381,0.0023052590828099464,500
1.0,Data-generating oracle (reference),accuracy,0.828452,0.8274469131316068,0.8294570868683931,0.0005115650394418661,500
1.0,Data-generating oracle (reference),adjusted_rand_index,0.43147627186972864,0.4288368127533364,0.4341157309861209,0.0013434212001406291,500
1.0,Data-generating oracle (reference),false_atrial_renal_competing,0.17063853135348206,0.16785295587673613,0.173424106830228,0.0014177909128471088,500
1.0,Data-generating oracle (reference),brier_score,0.12129158905945481,0.12073920279018571,0.1218439753287239,0.00028115132384283004,500
1.0,Data-generating oracle (reference),expected_calibration_error,0.027715389419944402,0.027117942192271295,0.02831283664761751,0.0003040862677647282,500
1.0,Data-generating oracle (reference),mean_posterior_entropy,0.3819802586095371,0.38136567376107006,0.38259484345800415,0.0003128089045169145,500
1.0,Data-generating oracle (reference),predicted_atrial_prevalence,0.500912,0.4995627361364647,0.5022612638635353,0.0006867428510636093,500
1.5,Associative latent class model,accuracy,0.578534,0.573334323075386,0.583733676924614,0.002646510480509551,500
1.5,Associative latent class model,adjusted_rand_index,0.03767189326474296,0.03428325051362333,0.04106053601586259,0.0017247376491966494,500
1.5,Associative latent class model,false_atrial_renal_competing,0.7599386675617749,0.7322889544493769,0.7875883806741728,0.014073038882213965,500
1.5,Associative latent class model,brier_score,0.3480598379781476,0.3408815636122498,0.3552381123440454,0.0036535689845253023,500
1.5,Associative latent class model,expected_calibration_error,0.34310891969089513,0.3351311670572058,0.35108667232458446,0.004060484192013297,500
1.5,Associative latent class model,mean_posterior_entropy,0.21771900670689215,0.21091440081115512,0.22452361260262918,0.00346338072151319,500
1.5,Associative latent class model,predicted_atrial_prevalence,0.41247,0.40119045438442547,0.42374954561557454,0.005741017397772196,500
1.5,Renal-adjusted associative latent class model,accuracy,0.816398,0.8150280162786476,0.8177679837213523,0.0006972887602926488,500
1.5,Renal-adjusted associative latent class model,adjusted_rand_index,0.4007992454198201,0.39736577503927983,0.40423271580036035,0.0017475538342785588,500
1.5,Renal-adjusted associative latent class model,false_atrial_renal_competing,0.19748370620619982,0.18839320869525347,0.20657420371714616,0.004626844568338524,500
1.5,Renal-adjusted associative latent class model,brier_score,0.1289303985337228,0.12809875363149817,0.1297620434359474,0.0004232872506714779,500
1.5,Renal-adjusted associative latent class model,expected_calibration_error,0.04672182362407512,0.044852826265447406,0.048590820982702836,0.0009512746982871659,500
1.5,Renal-adjusted associative latent class model,mean_posterior_entropy,0.3703883136715777,0.3686021467910757,0.3721744805520797,0.0009091159773428449,500
1.5,Renal-adjusted associative latent class model,predicted_atrial_prevalence,0.501306,0.4969945511061917,0.5056174488938083,0.002194423778452758,500
1.5,Biologically constrained latent SCM,accuracy,0.8193619999999999,0.8180808875611475,0.8206431124388524,0.0006520554152286878,500
1.5,Biologically constrained latent SCM,adjusted_rand_index,0.4082231202399964,0.40495764744643753,0.4114885930335553,0.0016620471035542236,500
1.5,Biologically constrained latent SCM,false_atrial_renal_competing,0.1851483000668971,0.17921075653398932,0.19108584359980485,0.0030220668353329663,500
1.5,Biologically constrained latent SCM,brier_score,0.12670225422120085,0.12595527162388073,0.12744923681852097,0.0003801961739599286,500
1.5,Biologically constrained latent SCM,expected_calibration_error,0.04501806357907482,0.04308556548000661,0.04695056167814303,0.0009835950477112506,500
1.5,Biologically constrained latent SCM,mean_posterior_entropy,0.3733430816386956,0.37157787448256335,0.3751082887948279,0.0008984479818082713,500
1.5,Biologically constrained latent SCM,predicted_atrial_prevalence,0.500602,0.49623419683900155,0.5049698031609985,0.0022231067448951697,500
1.5,Data-generating oracle (reference),accuracy,0.8270299999999999,0.8259249433836715,0.8281350566163284,0.0005624472364476285,500
1.5,Data-generating oracle (reference),adjusted_rand_index,0.42785317891114594,0.4249682183285688,0.4307381394937231,0.001468375541085025,500
1.5,Data-generating oracle (reference),false_atrial_renal_competing,0.17347523818192548,0.17071709127850943,0.17623338508534153,0.0014038304287948458,500
1.5,Data-generating oracle (reference),brier_score,0.12158300822192189,0.12099032244442745,0.12217569399941633,0.0003016628041567058,500
1.5,Data-generating oracle (reference),expected_calibration_error,0.027910990157986704,0.027325399823276045,0.028496580492697363,0.00029805139445503116,500
1.5,Data-generating oracle (reference),mean_posterior_entropy,0.3823708266848463,0.38173823719254296,0.3830034161771496,0.0003219728351420988,500
1.5,Data-generating oracle (reference),predicted_atrial_prevalence,0.50095,0.4994849506004256,0.5024150493995745,0.0007456749037779461,500
