renal_effect_sd,method,metric,repeat_count,mean,sample_sd,monte_carlo_standard_error,ci95_low,ci95_high,repeat_quantile_2_5,repeat_quantile_97_5
0.0,Associative latent class model,accuracy,500,0.820842,0.013794840747994317,0.0006169240330259867,0.8196299112203072,0.8220540887796928,0.794,0.847525
0.0,Associative latent class model,adjusted_rand_index,500,0.41192911199712207,0.035361252164905495,0.0015814032722048057,0.4088220825092172,0.41503614148502693,0.34507694546139156,0.48257577083150877
0.0,Associative latent class model,false_atrial_renal_competing,500,0.17786141593853447,0.05749637133342006,0.0025713158952219493,0.17280947602567814,0.1829133558513908,0.08441542118012707,0.3083928571428571
0.0,Associative latent class model,brier_score,500,0.12595383821621894,0.007747518523582776,0.00034647956151339786,0.12527309963833705,0.12663457679410084,0.11063425416036482,0.14191548551974098
0.0,Associative latent class model,expected_calibration_error,500,0.04318825519473209,0.01892187800604952,0.0008462121096696981,0.04152567739185436,0.04485083299760983,0.020153251715599844,0.09180229902159512
0.0,Associative latent class model,mean_posterior_entropy,500,0.37279871765668765,0.018425246122107258,0.0008240020566239243,0.3711797765978043,0.374417658715571,0.33915356991398515,0.40974921256291885
0.0,Associative latent class model,predicted_atrial_prevalence,500,0.498314,0.043708858743569716,0.0019547195873911584,0.4944735049755133,0.5021544950244867,0.412475,0.592525
0.0,Renal-adjusted associative latent class model,accuracy,500,0.816722,0.015699735009187785,0.0007021134941855435,0.8153425369821645,0.8181014630178354,0.781,0.844525
0.0,Renal-adjusted associative latent class model,adjusted_rand_index,500,0.4016356034777701,0.0392523571166781,0.0017554187757997974,0.39818668061546464,0.4050845263400756,0.31516477035852075,0.47426528989139105
0.0,Renal-adjusted associative latent class model,false_atrial_renal_competing,500,0.1876018285349494,0.09849670674654912,0.004404906636902919,0.1789473790008696,0.19625627806902918,0.037402052238805966,0.4121959026888603
0.0,Renal-adjusted associative latent class model,brier_score,500,0.12884009790738862,0.009722506975237388,0.00043480373016693325,0.1279858262394186,0.12969436957535865,0.11250475803427602,0.15044377127833855
0.0,Renal-adjusted associative latent class model,expected_calibration_error,500,0.04521459719259742,0.019008985420255677,0.000850107671659882,0.04354436566458316,0.04688482872061168,0.020475791566275495,0.09282500027936487
0.0,Renal-adjusted associative latent class model,mean_posterior_entropy,500,0.3687933718278059,0.018244550374855527,0.0008159210971419245,0.36719030766752425,0.3703964359880876,0.33049806232947593,0.402769647873896
0.0,Renal-adjusted associative latent class model,predicted_atrial_prevalence,500,0.498194,0.04352448881092696,0.0019464743133432332,0.49436970470777203,0.502018295292228,0.4199,0.5905749999999999
0.0,Biologically constrained latent SCM,accuracy,500,0.8202919999999999,0.013531035209016884,0.0006051262906660965,0.8191030905914689,0.8214809094085309,0.792,0.846
0.0,Biologically constrained latent SCM,adjusted_rand_index,500,0.4104881208462873,0.03458694534699413,0.0015467752185989783,0.4074491261130545,0.41352711557952004,0.3403798388179447,0.4783390496088205
0.0,Biologically constrained latent SCM,false_atrial_renal_competing,500,0.1782602194449772,0.06286523206790763,0.0028114186465028226,0.17273654259982232,0.18378389629013206,0.07046542072950523,0.32288800220143093
0.0,Biologically constrained latent SCM,brier_score,500,0.12640859407072164,0.007757255932208348,0.0003469150316656273,0.12572699991183275,0.12709018822961052,0.11112376963774849,0.1421209378546061
0.0,Biologically constrained latent SCM,expected_calibration_error,500,0.04368734140428384,0.019172658212889316,0.0008574273414678028,0.04200272870586563,0.04537195410270205,0.020258993680589248,0.09335758307322754
0.0,Biologically constrained latent SCM,mean_posterior_entropy,500,0.3718908037351072,0.018371095639823847,0.0008215803734359223,0.37027662062835903,0.37350498684185535,0.3354702812825191,0.40879668442272393
0.0,Biologically constrained latent SCM,predicted_atrial_prevalence,500,0.4978720000000001,0.04446488353448676,0.00198853004389447,0.4939650765778986,0.5017789234221015,0.413,0.58805
0.0,Data-generating oracle (reference),accuracy,500,0.8274559999999999,0.012221734967312218,0.0005465726037979258,0.8263821327410095,0.8285298672589902,0.803475,0.851
0.0,Data-generating oracle (reference),adjusted_rand_index,500,0.42893452832515244,0.03204509061702485,0.001433100019296165,0.42611887459701625,0.43175018205328863,0.36775734348049854,0.4922959474691587
0.0,Data-generating oracle (reference),false_atrial_renal_competing,500,0.17366525504376967,0.031132995181269774,0.001392309871369852,0.17092974291812707,0.17640076716941228,0.11378571428571428,0.23545358570243569
0.0,Data-generating oracle (reference),brier_score,500,0.12151841810762853,0.0064393867560361305,0.0002879781303981728,0.12095261901087356,0.1220842172043835,0.10826689799692475,0.13387227783979658
0.0,Data-generating oracle (reference),expected_calibration_error,500,0.027791247088910103,0.0064326520019553765,0.0002876769430394466,0.027226039743811017,0.02835645443400919,0.016293098787404862,0.04043299232818077
0.0,Data-generating oracle (reference),mean_posterior_entropy,500,0.3818351453875611,0.006989651354720479,0.0003125867113635697,0.3812209970885129,0.38244929368660924,0.3693379923180889,0.39550843173956296
0.0,Data-generating oracle (reference),predicted_atrial_prevalence,500,0.500036,0.015329994176218272,0.0006855781814539989,0.49868902439707746,0.5013829756029226,0.472,0.530525
0.5,Associative latent class model,accuracy,500,0.806336,0.015546526717758252,0.0006952618110984827,0.8049699986853035,0.8077020013146966,0.771,0.833525
0.5,Associative latent class model,adjusted_rand_index,500,0.3757055604449814,0.03768362873004895,0.0016852631095850704,0.37239447448203233,0.3790166464079304,0.29304874008746834,0.44440425983160026
0.5,Associative latent class model,false_atrial_renal_competing,500,0.3414250620404333,0.0990292022250681,0.004428720558656514,0.33272382459436955,0.3501262994864971,0.16419057377049182,0.5479019607843136
0.5,Associative latent class model,brier_score,500,0.13602216967754227,0.00974393453868427,0.0004357619999361216,0.1351660152687922,0.13687832408629233,0.11940369026588081,0.15897391378647685
0.5,Associative latent class model,expected_calibration_error,500,0.05214114109394772,0.02252957353568906,0.0010075531585976203,0.05016157179026852,0.05412071039762692,0.022703821504976393,0.10633293559603517
0.5,Associative latent class model,mean_posterior_entropy,500,0.3697908665354113,0.0189977669360313,0.0008496059657932777,0.3681216207236588,0.37146011234716386,0.3305924182052081,0.4079667578319788
0.5,Associative latent class model,predicted_atrial_prevalence,500,0.50255,0.053902081302464336,0.002410574358420613,0.49781387370884983,0.5072861262911502,0.39295,0.608
0.5,Renal-adjusted associative latent class model,accuracy,500,0.8163400000000001,0.014610658530174807,0.0006534085133901606,0.8150562290894209,0.8176237709105793,0.783475,0.841525
0.5,Renal-adjusted associative latent class model,adjusted_rand_index,500,0.40053661314605965,0.03653378822673294,0.0016338406790111272,0.39732655834381525,0.40374666794830405,0.32076063020992107,0.4660271527804014
0.5,Renal-adjusted associative latent class model,false_atrial_renal_competing,500,0.18458629296540546,0.0920116142575393,0.004114884483986934,0.17650165847919722,0.1926709274516137,0.03634812738044858,0.3826814768460575
0.5,Renal-adjusted associative latent class model,brier_score,500,0.1290105616614828,0.008809802816578971,0.0003939863593247938,0.12823648508166915,0.12978463824129646,0.11445518927798977,0.14788167286557716
0.5,Renal-adjusted associative latent class model,expected_calibration_error,500,0.04671066902811381,0.020995389693411384,0.0009389423713713264,0.04486590135463692,0.04855543670159071,0.021164137476840292,0.10743432196955884
0.5,Renal-adjusted associative latent class model,mean_posterior_entropy,500,0.3699875546766858,0.018763804153846667,0.0008391428320898813,0.3683388660912422,0.3716362432621294,0.3325557392083044,0.408632037078352
0.5,Renal-adjusted associative latent class model,predicted_atrial_prevalence,500,0.49974599999999997,0.05049960300643576,0.002258410903182862,0.4953088337215896,0.5041831662784103,0.397475,0.594525
0.5,Biologically constrained latent SCM,accuracy,500,0.819184,0.013543300409130087,0.0006056748070903117,0.8179940129051289,0.8203739870948712,0.79,0.843
0.5,Biologically constrained latent SCM,adjusted_rand_index,500,0.4076533627840259,0.03435590943451182,0.0015364429784878956,0.40463466810661414,0.4106720574614377,0.33574547296892077,0.47006631726325504
0.5,Biologically constrained latent SCM,false_atrial_renal_competing,500,0.1818179890341936,0.06930843829926833,0.003099567589030278,0.17572817749267305,0.18790780057571416,0.05957830002196355,0.334610705596107
0.5,Biologically constrained latent SCM,brier_score,500,0.12704668410053827,0.00787825426377659,0.0003523262415566403,0.1263544583785357,0.12773890982254082,0.11304528732396128,0.14311912662274778
0.5,Biologically constrained latent SCM,expected_calibration_error,500,0.04603891612175188,0.022353559830923957,0.0009996815864210934,0.04407481232728118,0.04800301991622258,0.01911123464089241,0.10634252306736232
0.5,Biologically constrained latent SCM,mean_posterior_entropy,500,0.3728649290488394,0.018760158306234825,0.0008389797848279677,0.3712165608071434,0.3745132972905354,0.33321351543403577,0.40873365803419903
0.5,Biologically constrained latent SCM,predicted_atrial_prevalence,500,0.49970600000000004,0.052638095541199144,0.002354047196724997,0.4950809342848223,0.5043310657151777,0.38895,0.601525
0.5,Data-generating oracle (reference),accuracy,500,0.8265459999999999,0.0120707618061646,0.0005398208787758436,0.8254853980536002,0.8276066019463996,0.801,0.849525
0.5,Data-generating oracle (reference),adjusted_rand_index,500,0.42653687978532295,0.03152738132343252,0.0014099473558350478,0.4237667147755685,0.4293070447950774,0.36176560428516097,0.4881598288740204
0.5,Data-generating oracle (reference),false_atrial_renal_competing,500,0.17332613613698739,0.03098362512002353,0.0013856298391548539,0.17060374846697032,0.17604852380700445,0.1156896551724138,0.23912539515279238
0.5,Data-generating oracle (reference),brier_score,500,0.12195020286141017,0.006393093305465986,0.0002859078243504154,0.12138847135579557,0.12251193436702477,0.11024316886156528,0.13492924094741995
0.5,Data-generating oracle (reference),expected_calibration_error,500,0.0275501200118443,0.006794212560916416,0.00030384642279584074,0.026953144014630847,0.028147096009057754,0.01567170917533764,0.04131136443857695
0.5,Data-generating oracle (reference),mean_posterior_entropy,500,0.38193789651607,0.0072632638119245205,0.0003248230324395495,0.3812997071573663,0.38257608587477376,0.36774073803347795,0.39601513772112934
0.5,Data-generating oracle (reference),predicted_atrial_prevalence,500,0.49977200000000005,0.014959397820979728,0.000669004608603458,0.49845758698277065,0.5010864130172294,0.469475,0.526525
1.0,Associative latent class model,accuracy,500,0.733876,0.02870673749409903,0.0012838043289809479,0.7313536719025739,0.736398328097426,0.67295,0.786
1.0,Associative latent class model,adjusted_rand_index,500,0.22130149349333914,0.05288974160061137,0.002365301150627311,0.21665431680416472,0.22594867018251355,0.11880164772018116,0.32651905951412064
1.0,Associative latent class model,false_atrial_renal_competing,500,0.6377043637626444,0.12048615749180856,0.00538830476998859,0.6271178030134488,0.64829092451184,0.3980930478671442,0.8722633136094673
1.0,Associative latent class model,brier_score,500,0.18969660387246778,0.020598641514445962,0.0009211992534090077,0.1878866966243392,0.19150651112059636,0.15189387547334737,0.2318556810055829
1.0,Associative latent class model,expected_calibration_error,500,0.12231341048360704,0.031032207691319518,0.001387802517793645,0.11958675408801119,0.1250400668792029,0.06120480201959482,0.1859389550964586
1.0,Associative latent class model,mean_posterior_entropy,500,0.34113065346629456,0.017707755465535865,0.0007919148989976325,0.3395747549890729,0.3426865519435162,0.3049662064804456,0.3735129986553732
1.0,Associative latent class model,predicted_atrial_prevalence,500,0.481844,0.06269396086912134,0.002803759165641342,0.4763353719620134,0.48735262803798657,0.358425,0.602
1.0,Renal-adjusted associative latent class model,accuracy,500,0.8168280000000001,0.014493396188131042,0.0006481643820299467,0.8155545323884346,0.8181014676115657,0.786475,0.843
1.0,Renal-adjusted associative latent class model,adjusted_rand_index,500,0.4017595058301403,0.0365239136946002,0.0016333990765092308,0.3985503186573105,0.4049686930029701,0.32761454045249455,0.47006943641736415
1.0,Renal-adjusted associative latent class model,false_atrial_renal_competing,500,0.1885120645407644,0.0986792005525517,0.004413068008016808,0.1798415801209864,0.19718254896054244,0.04933707181359763,0.42812103705791166
1.0,Renal-adjusted associative latent class model,brier_score,500,0.1286369320582764,0.008996447224961589,0.0004023333510200691,0.1278464558985527,0.12942740821800008,0.11258040760441877,0.1473086197893064
1.0,Renal-adjusted associative latent class model,expected_calibration_error,500,0.04570072145491564,0.02086030395337977,0.0009329011534212954,0.04386782313990253,0.04753361976992875,0.01963015304305854,0.10234351687733859
1.0,Renal-adjusted associative latent class model,mean_posterior_entropy,500,0.3699043504169521,0.019130160843724497,0.000855526801341454,0.36822347176557885,0.3715852290683253,0.3351101988146781,0.41000141071422785
1.0,Renal-adjusted associative latent class model,predicted_atrial_prevalence,500,0.5044,0.05052549506241978,0.002259568831128012,0.4999605587065231,0.5088394412934768,0.40647500000000003,0.612
1.0,Biologically constrained latent SCM,accuracy,500,0.8205339999999999,0.013255045698636623,0.0005927836645403536,0.8193693405117801,0.8216986594882196,0.795475,0.846525
1.0,Biologically constrained latent SCM,adjusted_rand_index,500,0.4110797843406116,0.03394294403219038,0.00151797460424897,0.4080973750208708,0.4140621936603524,0.3485423467821001,0.4798009862084773
1.0,Biologically constrained latent SCM,false_atrial_renal_competing,500,0.18262854932439013,0.06889221891661261,0.003080953692366854,0.176575309052725,0.18868178959605525,0.06702129834028289,0.3409002371273713
1.0,Biologically constrained latent SCM,brier_score,500,0.12627241463968658,0.007976836887070625,0.0003567349904983546,0.12557152691906076,0.1269733023603124,0.11251976463197282,0.14290306676713666
1.0,Biologically constrained latent SCM,expected_calibration_error,500,0.04484619520880455,0.021858851159480885,0.0009775575420529871,0.04292555917455138,0.046766831243057715,0.01893559924785821,0.10537837408891185
1.0,Biologically constrained latent SCM,mean_posterior_entropy,500,0.37274621076921416,0.01903463666487954,0.0008512548301936107,0.3710737253851126,0.37441869615331574,0.33909795433951617,0.4126707312367877
1.0,Biologically constrained latent SCM,predicted_atrial_prevalence,500,0.5050500000000001,0.05154716014911857,0.0023052590828099464,0.5005207897261621,0.5095792102738381,0.4,0.612
1.0,Data-generating oracle (reference),accuracy,500,0.828452,0.011438942031043736,0.0005115650394418661,0.8274469131316068,0.8294570868683931,0.805475,0.85
1.0,Data-generating oracle (reference),adjusted_rand_index,500,0.43147627186972864,0.03003981125928797,0.0013434212001406291,0.4288368127533364,0.4341157309861209,0.37263365545404253,0.48948914261274423
1.0,Data-generating oracle (reference),false_atrial_renal_competing,500,0.17063853135348206,0.031702768590076154,0.0014177909128471088,0.16785295587673613,0.173424106830228,0.11258278145695365,0.23210638000186548
1.0,Data-generating oracle (reference),brier_score,500,0.12129158905945481,0.0062867347207662535,0.00028115132384283004,0.12073920279018571,0.1218439753287239,0.10825750520143197,0.13335757517389196
1.0,Data-generating oracle (reference),expected_calibration_error,500,0.027715389419944402,0.006799575657461354,0.0003040862677647282,0.027117942192271295,0.02831283664761751,0.014987700077407164,0.041837108807962396
1.0,Data-generating oracle (reference),mean_posterior_entropy,500,0.3819802586095371,0.006994619744670617,0.0003128089045169144,0.38136567376107006,0.38259484345800415,0.3688113617919386,0.3954385494195458
1.0,Data-generating oracle (reference),predicted_atrial_prevalence,500,0.500912,0.015356036980402442,0.0006867428510636093,0.4995627361364647,0.5022612638635353,0.472475,0.53
1.5,Associative latent class model,accuracy,500,0.578534,0.05917777337584988,0.002646510480509551,0.573334323075386,0.583733676924614,0.478475,0.681525
1.5,Associative latent class model,adjusted_rand_index,500,0.03767189326474296,0.03856630626956894,0.0017247376491966494,0.03428325051362333,0.04106053601586259,-0.000986066198044505,0.13093687368708617
1.5,Associative latent class model,false_atrial_renal_competing,500,0.7599386675617749,0.31468271590628083,0.014073038882213965,0.7322889544493769,0.7875883806741728,0.0,1.0
1.5,Associative latent class model,brier_score,500,0.3480598379781476,0.08169628609883454,0.0036535689845253027,0.3408815636122498,0.3552381123440454,0.24456917935897945,0.5074994093342863
1.5,Associative latent class model,expected_calibration_error,500,0.3431089196908952,0.09079518674905042,0.004060484192013297,0.33513116705720586,0.3510866723245845,0.2162501001066976,0.5046538978164437
1.5,Associative latent class model,mean_posterior_entropy,500,0.21771900670689215,0.07744354725265762,0.00346338072151319,0.21091440081115512,0.22452361260262918,0.05840053035610649,0.30584202673170496
1.5,Associative latent class model,predicted_atrial_prevalence,500,0.41247,0.1283730516142758,0.005741017397772196,0.40119045438442547,0.42374954561557454,0.268,0.711
1.5,Renal-adjusted associative latent class model,accuracy,500,0.816398,0.015591850679609191,0.0006972887602926488,0.8150280162786476,0.8177679837213523,0.786,0.843525
1.5,Renal-adjusted associative latent class model,adjusted_rand_index,500,0.4007992454198201,0.039076491677872596,0.0017475538342785588,0.39736577503927983,0.40423271580036035,0.32614993141444165,0.471510390672919
1.5,Renal-adjusted associative latent class model,false_atrial_renal_competing,500,0.19748370620619982,0.10345938976130613,0.004626844568338524,0.18839320869525347,0.20657420371714616,0.046876719867914154,0.4387387387387385
1.5,Renal-adjusted associative latent class model,brier_score,500,0.12893039853372282,0.009464990665104183,0.000423287250671478,0.1280987536314982,0.12976204343594744,0.11260369296553954,0.1492991389283552
1.5,Renal-adjusted associative latent class model,expected_calibration_error,500,0.04672182362407514,0.021271148906457055,0.0009512746982871658,0.044852826265447426,0.048590820982702856,0.020241973872534163,0.10429572580220761
1.5,Renal-adjusted associative latent class model,mean_posterior_entropy,500,0.3703883136715777,0.020328451247697606,0.0009091159773428452,0.3686021467910757,0.3721744805520797,0.33023469348629414,0.41337063089284315
1.5,Renal-adjusted associative latent class model,predicted_atrial_prevalence,500,0.501306,0.049068807400623055,0.002194423778452758,0.4969945511061917,0.5056174488938083,0.40142500000000003,0.601525
1.5,Biologically constrained latent SCM,accuracy,500,0.8193619999999999,0.014580402335481977,0.0006520554152286878,0.8180808875611475,0.8206431124388524,0.788,0.845
1.5,Biologically constrained latent SCM,adjusted_rand_index,500,0.4082231202399964,0.037164503053538765,0.0016620471035542236,0.40495764744643753,0.4114885930335553,0.33112385045550524,0.4755763994509738
1.5,Biologically constrained latent SCM,false_atrial_renal_competing,500,0.1851483000668971,0.06757546876352176,0.0030220668353329663,0.17921075653398932,0.19108584359980485,0.07264612726749209,0.3312499999999999
1.5,Biologically constrained latent SCM,brier_score,500,0.12670225422120085,0.008501444897597358,0.0003801961739599286,0.12595527162388073,0.12744923681852097,0.11146808685128534,0.14477227511046947
1.5,Biologically constrained latent SCM,expected_calibration_error,500,0.04501806357907482,0.02199385389014507,0.0009835950477112513,0.04308556548000661,0.04695056167814303,0.01855364563248789,0.10581351863444541
1.5,Biologically constrained latent SCM,mean_posterior_entropy,500,0.3733430816386956,0.020089907615707905,0.000898447981808272,0.37157787448256335,0.3751082887948279,0.3322901669385945,0.41420606201922366
1.5,Biologically constrained latent SCM,predicted_atrial_prevalence,500,0.500602,0.049710178028238836,0.0022231067448951697,0.49623419683900155,0.5049698031609985,0.39737500000000003,0.5981499999999998
1.5,Data-generating oracle (reference),accuracy,500,0.8270299999999999,0.012576702544537946,0.0005624472364476285,0.8259249433836715,0.8281350566163284,0.79995,0.85
1.5,Data-generating oracle (reference),adjusted_rand_index,500,0.42785317891114594,0.03283387526364151,0.001468375541085025,0.4249682183285688,0.4307381394937231,0.35924340017607115,0.48949002623830573
1.5,Data-generating oracle (reference),false_atrial_renal_competing,500,0.17347523818192548,0.031390602676679535,0.0014038304287948458,0.17071709127850943,0.17623338508534153,0.11068218954248366,0.23301726796176375
1.5,Data-generating oracle (reference),brier_score,500,0.12158300822192189,0.006745385363776004,0.0003016628041567058,0.12099032244442745,0.12217569399941633,0.10908729357211609,0.13465906338307315
1.5,Data-generating oracle (reference),expected_calibration_error,500,0.027910990157986704,0.006664631787900536,0.00029805139445503116,0.027325399823276045,0.028496580492697363,0.015970284737782385,0.0412719909874907
1.5,Data-generating oracle (reference),mean_posterior_entropy,500,0.3823708266848463,0.007199531462860659,0.0003219728351420987,0.38173823719254296,0.3830034161771496,0.3684172859628718,0.395920228453191
1.5,Data-generating oracle (reference),predicted_atrial_prevalence,500,0.50095,0.016673797739631024,0.0007456749037779461,0.4994849506004256,0.5024150493995745,0.469475,0.533
