repeat,truth_k,selected_k,select_k2,bic_k1,bic_k2,bic_k2_minus_k1,minimum_k2_weight,k2_converged,k2_iterations
0,1,1,False,8543.24327981176,8584.190718475846,40.947438664084984,0.479850687654406,True,12
1,1,1,False,8643.368123069933,8684.125830093128,40.7577070231946,0.49363138284431557,True,26
2,1,1,False,8466.101755780583,8505.59688124719,39.49512546660662,0.49905726982895976,True,9
3,1,1,False,8454.246661543895,8490.77228535825,36.52562381435564,0.49617913875151043,True,11
4,1,1,False,8546.643950317066,8585.822276114402,39.17832579733658,0.48189585377285715,True,20
5,1,1,False,8662.010954561765,8701.157042434437,39.14608787267207,0.47649103465822895,True,12
6,1,1,False,8663.65142618382,8700.213647637609,36.56222145378888,0.4967821268598528,True,12
7,1,1,False,8592.789191387878,8627.172844543484,34.383653155606225,0.49073323403616825,True,6
8,1,1,False,8472.375925186028,8508.833342238004,36.457417051975426,0.4860042778918348,True,66
9,1,1,False,8491.34087679012,8538.302559075973,46.961682285853385,0.49935578306474177,True,19
10,1,1,False,8435.244961117074,8472.51581318585,37.27085206877564,0.4836600879112047,True,8
11,1,1,False,8574.87918517454,8618.880536425653,44.00135125111228,0.4896568370069394,True,17
12,1,1,False,8552.632648519218,8591.47003558017,38.837387060952096,0.48991197662556774,True,24
13,1,1,False,8553.66324804294,8594.152668593362,40.48942055042244,0.47697852139364066,True,38
14,1,1,False,8524.874403384494,8566.919725241058,42.04532185656353,0.4931467853542064,True,12
15,1,1,False,8480.080462909793,8522.801164316237,42.72070140644428,0.49537686880770043,True,14
16,1,1,False,8663.216924503795,8700.202684656937,36.98576015314211,0.49673916033180315,True,31
17,1,1,False,8373.155486219659,8413.070177947937,39.91469172827783,0.4914513507589615,True,12
18,1,1,False,8583.55144564985,8624.37149107534,40.82004542549112,0.4997725471798958,True,46
19,1,1,False,8558.443681150498,8601.867125461595,43.42344431109632,0.4757237691115619,True,15
20,1,1,False,8509.591148538846,8552.06829606886,42.4771475300131,0.48403074410905267,True,13
21,1,1,False,8491.781927921345,8533.309892477364,41.52796455601856,0.4942321529438201,True,11
22,1,1,False,8558.927636235145,8598.791719430394,39.864083195248895,0.49373958182529154,True,49
23,1,1,False,8654.16294595343,8694.756534861184,40.593588907753656,0.49612897002243556,True,26
24,1,1,False,8616.236901978093,8657.73141052952,41.494508551428225,0.48996729301008846,True,29
25,1,1,False,8502.247489222504,8547.032527684356,44.78503846185231,0.49691349508080696,True,22
26,1,1,False,8671.337665516847,8713.91964051797,42.58197500112328,0.497164162360751,True,15
27,1,1,False,8481.915697279872,8520.387726913008,38.47202963313612,0.4729521678006022,True,22
28,1,1,False,8434.518680320602,8474.374608012497,39.855927691894976,0.471010585666451,True,27
29,1,1,False,8619.202765679882,8663.175746086603,43.972980406721035,0.49866036137743264,True,21
30,1,1,False,8519.37904349854,8560.446787222512,41.067743723971944,0.4975158610695572,True,10
31,1,1,False,8653.870993579738,8694.86597773032,40.99498415058224,0.4967566818039511,True,42
32,1,1,False,8535.72597879845,8578.610452062729,42.88447326427922,0.4963066708045445,True,11
33,1,1,False,8478.066801439214,8518.054613677421,39.98781223820697,0.4846112399308099,True,17
34,1,1,False,8649.11010103763,8693.285158408313,44.175057370683135,0.47679227238069805,True,16
35,1,1,False,8569.01594012516,8608.794102044309,39.77816191914826,0.485550527061796,True,13
36,1,1,False,8646.313560234279,8685.555859365457,39.24229913117779,0.47628492218846036,True,16
37,1,1,False,8514.531106681647,8555.116022140102,40.584915458455725,0.499420121391634,True,15
38,1,1,False,8593.601382798704,8636.350597644287,42.74921484558217,0.4991708210621821,True,12
39,1,1,False,8658.1316729981,8699.906947953392,41.775274955291025,0.48371261259958415,True,14
40,1,1,False,8662.346874750587,8706.871139215453,44.524264464866064,0.4892584614133556,True,18
41,1,1,False,8519.14986315143,8563.426981738516,44.27711858708608,0.4879049556761286,True,11
42,1,1,False,8613.615516105156,8649.430491646248,35.81497554109228,0.46568296744761867,True,41
43,1,1,False,8524.369315481126,8557.427670870475,33.058355389348435,0.4130376777912392,True,47
44,1,1,False,8488.658630426718,8530.95022156535,42.2915911386317,0.4985808473822204,True,16
45,1,1,False,8568.342937693324,8608.23558479553,39.892647102205956,0.49714484390911656,True,11
46,1,1,False,8605.908900396129,8649.193022462108,43.28412206597932,0.4940976838275722,True,12
47,1,1,False,8699.58312004053,8741.36381674291,41.78069670238074,0.4947210776763814,True,16
48,1,1,False,8634.112322862129,8672.172222788271,38.05989992614195,0.45700031329904756,True,50
49,1,1,False,8488.529093987465,8529.366466988085,40.83737300062057,0.48583526077141836,True,25
50,1,1,False,8521.747247548818,8559.828112659156,38.08086511033798,0.494937026415741,True,10
51,1,1,False,8337.076383711872,8369.609358662188,32.5329749503162,0.489725996979734,True,16
52,1,1,False,8533.050927032014,8575.830482959476,42.77955592746184,0.4896684595863626,True,9
53,1,1,False,8478.075764991063,8519.179236299497,41.103471308433654,0.48208356116946915,True,34
54,1,1,False,8508.57911368968,8548.28475657818,39.705642888498915,0.46130187766541825,True,12
55,1,1,False,8528.507314409499,8574.623371708403,46.11605729890471,0.48190328508448826,True,20
56,1,1,False,8479.018983081409,8514.826156091329,35.80717300992001,0.480663999809139,True,13
57,1,1,False,8594.124072451155,8636.930028088102,42.80595563694624,0.4994022507085961,True,22
58,1,1,False,8558.589315751648,8602.5725947056,43.98327895395232,0.4923850251186273,True,28
59,1,1,False,8433.044425110584,8468.687214102696,35.6427889921124,0.4890002551552152,True,9
60,1,1,False,8388.87657088204,8424.233896084394,35.35732520235433,0.4838210232417509,True,12
61,1,1,False,8447.309001655387,8487.100417493106,39.79141583771889,0.4837765960945466,True,20
62,1,1,False,8550.622343488736,8593.703914328215,43.081570839478445,0.4888481316814389,True,51
63,1,1,False,8635.394403534883,8671.865233498118,36.47082996323479,0.4979663969703437,True,13
64,1,1,False,8425.220041103916,8469.680242832883,44.46020172896715,0.4955214671923185,True,10
65,1,1,False,8676.57195693109,8710.573640306808,34.00168337571813,0.4966862440004347,True,54
66,1,1,False,8682.44126919224,8726.742765660301,44.30149646806058,0.49819025048162036,True,17
67,1,1,False,8403.209420841862,8434.342055145977,31.132634304114617,0.4918886971392032,True,19
68,1,1,False,8493.545688702407,8533.605467546886,40.0597788444793,0.47948300100336505,True,61
69,1,1,False,8530.47411596069,8566.887638827942,36.41352286725305,0.49603673768399975,True,15
70,1,1,False,8509.244309176236,8552.455496946386,43.21118777014999,0.49350154063935175,True,10
71,1,1,False,8600.379134142646,8642.990758824959,42.61162468231305,0.49779175841175805,True,10
72,1,1,False,8383.257285304562,8427.76749041084,44.51020510627859,0.49700700478118154,True,17
73,1,1,False,8478.427446340123,8519.365296097114,40.937849756990545,0.4868952527600619,True,17
74,1,1,False,8493.66433382819,8538.837293938011,45.17296010982136,0.49247390907722205,True,33
75,1,1,False,8498.201057552218,8533.770113961371,35.569056409152836,0.4941694262199159,True,11
76,1,1,False,8506.90321760654,8543.750129179552,36.84691157301313,0.49818137203091495,True,22
77,1,1,False,8578.578107693376,8625.021279729788,46.44317203641185,0.4899438126770994,True,12
78,1,1,False,8483.545129182627,8525.416765599863,41.871636417236004,0.4860356416528004,True,10
79,1,1,False,8785.406963585308,8830.761937445997,45.354973860688915,0.4943814487905836,True,16
80,1,1,False,8436.004133623235,8477.036747800685,41.03261417744943,0.48505962389956664,True,9
81,1,1,False,8396.841284442613,8442.457268940552,45.61598449793928,0.4795017008759411,True,11
82,1,1,False,8647.192947368041,8689.620507113495,42.427559745454346,0.49321390696149,True,15
83,1,1,False,8555.035270338536,8587.085915986636,32.05064564809982,0.4795832270219129,True,15
84,1,1,False,8587.762930017801,8627.315526715678,39.55259669787665,0.488743786606792,True,14
85,1,1,False,8468.152837434955,8512.676661669071,44.523824234116546,0.4938048164464936,True,17
86,1,1,False,8672.080385434587,8705.696116806057,33.61573137147025,0.47231599101997374,True,35
87,1,1,False,8479.113364490273,8515.508942619314,36.39557812904059,0.4955904063719971,True,11
88,1,1,False,8552.72119874636,8595.37284745179,42.65164870543049,0.4826466429982663,True,21
89,1,1,False,8557.258997057332,8596.456028292892,39.197031235560644,0.4983309237118304,True,12
90,1,1,False,8621.863732104164,8655.92061714877,34.056885044605224,0.49299940761519423,True,69
91,1,1,False,8467.230696356051,8509.386897445487,42.156201089435854,0.4672461455211478,True,49
92,1,1,False,8575.69740078624,8614.164039461471,38.46663867523057,0.49088899788647905,True,33
93,1,1,False,8553.593816412536,8598.102398597202,44.50858218466601,0.49269887975090704,True,11
94,1,1,False,8628.339909181175,8673.749835348135,45.40992616695985,0.49932346816372636,True,12
95,1,1,False,8522.815485244168,8566.736075329733,43.92059008556498,0.4828927760461003,True,17
96,1,1,False,8553.296217874375,8586.89161863104,33.595400756665185,0.44465248985980454,True,49
97,1,1,False,8536.74773030344,8577.924618045194,41.1768877417544,0.49443956740918826,True,31
98,1,1,False,8589.099753050159,8632.01313926927,42.91338621911018,0.49189423957873546,True,17
99,1,1,False,8591.828964567196,8633.407032675454,41.57806810825787,0.4990232799693922,True,16
100,1,1,False,8528.606972917376,8571.750208335025,43.14323541764861,0.49545480163312833,True,12
101,1,1,False,8482.191389996628,8525.837023331858,43.64563333523074,0.48788324595647703,True,9
102,1,1,False,8635.76393133814,8678.95190501281,43.18797367466868,0.4908863568119662,True,15
103,1,1,False,8563.91717894408,8592.95416781705,29.036988872969232,0.451007910120566,True,38
104,1,1,False,8512.326478795287,8549.472447076992,37.14596828170579,0.4806510686505552,True,30
105,1,1,False,8540.397184632307,8584.140337087489,43.74315245518119,0.49213438192058373,True,34
106,1,1,False,8418.207971704483,8456.807238740814,38.599267036330275,0.49232062736527166,True,48
107,1,1,False,8591.882903027137,8632.654257702205,40.771354675067414,0.499423926885378,True,11
108,1,1,False,8487.957299886188,8525.509718337527,37.55241845133969,0.47881953929245624,True,14
109,1,1,False,8523.723390223971,8567.038976463235,43.31558623926321,0.4984239487899991,True,11
110,1,1,False,8563.384409654403,8606.728234072956,43.343824418552686,0.4949280813208456,True,11
111,1,1,False,8519.858371487859,8562.78264155205,42.92427006419166,0.47712865473491406,True,14
112,1,1,False,8538.81626714355,8581.836072055468,43.01980491191898,0.49181375429617324,True,16
113,1,1,False,8564.805423821777,8603.376103666402,38.570679844624465,0.4889340985479394,True,12
114,1,1,False,8452.455052047215,8494.951695650014,42.49664360279894,0.4976318758651946,True,47
115,1,1,False,8551.329099036931,8591.459811673105,40.130712636173484,0.4617769389198618,True,25
116,1,1,False,8376.526180289162,8412.449868288824,35.923687999662434,0.46507192052554175,True,15
117,1,1,False,8591.75747638121,8634.11036255062,42.35288616941034,0.49870338875053266,True,13
118,1,1,False,8488.388733348267,8531.848256662424,43.459523314157195,0.49927122844433264,True,28
119,1,1,False,8573.135956265996,8613.839963247083,40.70400698108642,0.48551531190986374,True,20
120,1,1,False,8431.243313703908,8473.354976962859,42.11166325895101,0.49863609433150025,True,12
121,1,1,False,8568.25736542423,8609.38128158509,41.12391616086097,0.49280869458279,True,24
122,1,1,False,8724.71405747284,8763.50918451187,38.79512703902947,0.4994981247102667,True,19
123,1,1,False,8495.804570301701,8539.50309984898,43.69852954727867,0.48074664248905696,True,12
124,1,1,False,8469.78616523074,8510.827216376607,41.04105114586673,0.49751894452188966,True,8
125,1,1,False,8550.52226865091,8595.46457399284,44.94230534193048,0.47193810135912434,True,14
126,1,1,False,8544.01600483165,8589.046098393075,45.03009356142502,0.49334884147996716,True,17
127,1,1,False,8461.350680912841,8503.574888187795,42.2242072749541,0.4805561902670797,True,16
128,1,1,False,8562.10147680015,8605.38151011844,43.2800333182895,0.49283562939620357,True,15
129,1,1,False,8411.102968472835,8452.852614079815,41.749645606980266,0.4985577009885524,True,6
130,1,1,False,8454.400743169244,8497.580869783515,43.18012661427019,0.47456666808230713,True,18
131,1,1,False,8639.92178088902,8680.889419372274,40.96763848325281,0.47105142149895357,True,38
132,1,1,False,8444.45980261577,8484.395057466756,39.935254850986894,0.49795035243666613,True,39
133,1,1,False,8536.90661773314,8578.989507883527,42.08289015038645,0.4996678341780982,True,11
134,1,1,False,8533.434458811818,8573.739132832701,40.304674020882885,0.49382441754831485,True,15
135,1,1,False,8467.366607509492,8510.183303114301,42.816695604809865,0.4880305924477119,True,15
136,1,1,False,8591.806956083368,8635.259090376212,43.452134292843766,0.4997737278650188,True,30
137,1,1,False,8425.566164485383,8469.657419271029,44.091254785646015,0.47724143674141606,True,28
138,1,1,False,8564.384362970188,8603.601761213964,39.21739824377619,0.48149421800660863,True,7
139,1,1,False,8620.26095847868,8658.831276047224,38.57031756854303,0.49849700000719416,True,8
140,1,1,False,8446.009930640703,8479.170402376765,33.16047173606239,0.4773577657440269,True,45
141,1,1,False,8506.37254500034,8537.224360312788,30.851815312447798,0.49806393959518,True,11
142,1,1,False,8483.316027982015,8522.331359075595,39.015331093580244,0.48829932132884285,True,26
143,1,1,False,8536.518226531756,8575.504519286524,38.98629275476742,0.4834740288146073,True,11
144,1,1,False,8536.062906508854,8573.689537181768,37.62663067291396,0.4834176927969496,True,10
145,1,1,False,8470.625107362925,8505.500873445324,34.87576608239942,0.4999875696203956,True,5
146,1,1,False,8633.863499666393,8674.058944444865,40.19544477847194,0.49658300727899185,True,10
147,1,1,False,8683.858889122886,8726.459208335364,42.60031921247719,0.49942823978984696,True,17
148,1,1,False,8462.205349776896,8502.130265202622,39.924915425726795,0.49011181437376317,True,20
149,1,1,False,8593.667961580813,8635.767325808096,42.09936422728242,0.4964966554088731,True,16
150,1,1,False,8438.554560514469,8470.911197134565,32.35663662009574,0.49327743005599023,True,21
151,1,1,False,8595.324289160075,8632.932172276698,37.60788311662327,0.48287045114058036,True,12
152,1,1,False,8486.96635047527,8525.226594106845,38.26024363157558,0.49248720555494513,True,37
153,1,1,False,8514.368825484315,8556.196390815,41.82756533068459,0.4815054556107373,True,34
154,1,1,False,8490.704423005183,8526.641956029538,35.93753302435471,0.49527262270758293,True,6
155,1,1,False,8594.504052553712,8637.13239244437,42.628339890658026,0.49181489405272427,True,24
156,1,1,False,8664.276791101562,8704.248791988162,39.972000886600654,0.4738725679235365,True,16
157,1,1,False,8525.289899973717,8568.300756251998,43.0108562782807,0.4907577688235739,True,43
158,1,1,False,8555.642884668225,8594.068860954721,38.425976286496734,0.4810433509298724,True,18
159,1,1,False,8392.490052244593,8432.491731574552,40.00167932995828,0.49863291815063954,True,12
160,1,1,False,8555.618825272053,8600.902600587504,45.28377531545084,0.49847660219885404,True,17
161,1,1,False,8599.594763164143,8637.792138159406,38.19737499526309,0.49850579345649754,True,24
162,1,1,False,8558.271287876436,8590.507745282302,32.23645740586653,0.4666494699158947,True,11
163,1,1,False,8546.665880682987,8581.875300051102,35.20941936811505,0.4627123112116423,True,14
164,1,1,False,8632.96062028967,8680.315920302803,47.355300013132364,0.48768971025164115,True,10
165,1,1,False,8464.20257480147,8505.836045911556,41.63347111008625,0.49764670003656475,True,13
166,1,1,False,8494.761617650915,8537.018822066651,42.25720441573685,0.48474488244862934,True,7
167,1,1,False,8574.422777371754,8609.132152870998,34.70937549924383,0.49001185581190176,True,12
168,1,1,False,8536.484772361968,8577.244653856122,40.75988149415389,0.4639027151867364,True,14
169,1,1,False,8615.221413490392,8653.076594241114,37.855180750722866,0.4863145055518335,True,68
170,1,1,False,8575.028790342403,8618.061447375509,43.03265703310535,0.4915780903784,True,14
171,1,1,False,8533.75692305925,8557.70802845734,23.951105398089567,0.444789187735731,True,51
172,1,1,False,8534.15687268395,8574.341031729968,40.18415904601716,0.4785572712004743,True,22
173,1,1,False,8470.900604756018,8513.977629412262,43.07702465624425,0.4917803588655143,True,27
174,1,1,False,8523.759457603604,8562.944162740272,39.18470513666762,0.4933350466514783,True,12
175,1,1,False,8562.10115104575,8594.525036498999,32.42388545324866,0.48320764007603323,True,41
176,1,1,False,8601.14802262772,8640.993211424637,39.84518879691677,0.4992398470646339,True,24
177,1,1,False,8441.993721628409,8485.226362574773,43.23264094636397,0.4953441768089152,True,39
178,1,1,False,8660.740727821649,8705.584526692632,44.84379887098294,0.48250247792261014,True,19
179,1,1,False,8367.636658657006,8406.564677820597,38.92801916359167,0.4659030042312459,True,14
180,1,1,False,8475.916458522901,8514.409745439154,38.493286916253055,0.4843453744103678,True,12
181,1,1,False,8679.415434641245,8719.294065591486,39.87863095024113,0.49339684579283827,True,13
182,1,1,False,8488.481773191852,8529.42141490308,40.93964171122752,0.49254274773138146,True,51
183,1,1,False,8587.394255729363,8622.422516290126,35.02826056076265,0.48322876652412544,True,6
184,1,1,False,8462.25116369234,8496.026622521651,33.7754588293119,0.4860899332630577,True,27
185,1,1,False,8424.252152255936,8463.672316059676,39.42016380373934,0.49170595410520407,True,7
186,1,1,False,8581.790099329577,8626.850899117964,45.06079978838716,0.49129998482962334,True,10
187,1,1,False,8672.08700162189,8710.743679009169,38.65667738727825,0.49032288286580367,True,14
188,1,1,False,8498.084777937816,8539.853584101433,41.76880616361632,0.492164703487964,True,11
189,1,1,False,8585.506236774036,8631.092457101406,45.58622032737003,0.4858832559329551,True,13
190,1,1,False,8630.917519758083,8672.801254834803,41.88373507672077,0.4881853319972297,True,11
191,1,1,False,8695.99473566551,8738.33972144583,42.34498578031889,0.48468094090322056,True,9
192,1,1,False,8523.034483431644,8562.854840238864,39.82035680722038,0.48068589974644904,True,25
193,1,1,False,8597.92906098715,8632.893294928352,34.96423394120211,0.483417253176116,True,10
194,1,1,False,8489.411934349984,8532.754315591725,43.34238124174044,0.4992284498896688,True,12
195,1,1,False,8573.162631628647,8615.974757723054,42.81212609440627,0.4944190496314579,True,13
196,1,1,False,8484.162135273153,8527.666625766928,43.50449049377494,0.4879010339401779,True,21
197,1,1,False,8591.530269953564,8635.68131028734,44.15104033377611,0.49502391354730163,True,17
198,1,1,False,8562.815108142171,8603.141444686016,40.32633654384517,0.4865326218012686,True,16
199,1,1,False,8463.523542484827,8505.894457340779,42.37091485595192,0.49478489743882526,True,14
200,1,1,False,8600.03507351079,8640.789142874104,40.75406936331456,0.4953436809081481,True,36
201,1,1,False,8576.621731047751,8614.529689645464,37.90795859771242,0.4821221201636629,True,28
202,1,1,False,8521.454976480649,8565.652894476034,44.19791799538507,0.48412460101550814,True,22
203,1,1,False,8602.16766888108,8639.669968575077,37.502299693996974,0.4935722158687072,True,16
204,1,1,False,8486.603303889635,8522.229974999329,35.62667110969414,0.4838173735454177,True,63
205,1,1,False,8596.135010649798,8641.003235919454,44.86822526965625,0.49583842502509784,True,13
206,1,1,False,8633.928109702323,8675.324769517472,41.39665981514918,0.4856051549092449,True,23
207,1,1,False,8448.514232604899,8492.510182050026,43.995949445126826,0.49867410653573063,True,14
208,1,1,False,8589.691670306947,8624.234960566937,34.54329025998959,0.499462278495117,True,22
209,1,1,False,8522.890219207155,8556.91328159507,34.02306238791607,0.4521020285740795,True,41
210,1,1,False,8671.536612581545,8715.349864995964,43.81325241441846,0.49467353786555757,True,12
211,1,1,False,8580.05101375608,8624.499228093287,44.4482143372079,0.49084544120751955,True,16
212,1,1,False,8412.588513062048,8453.831137358051,41.24262429600276,0.4671311686539707,True,17
213,1,1,False,8738.079754143924,8782.812229166297,44.732475022372455,0.4935323968594623,True,34
214,1,1,False,8423.797311476868,8451.436851985161,27.639540508293067,0.49693416644684146,True,11
215,1,1,False,8601.944314503937,8646.051390176299,44.10707567236204,0.4821930314068573,True,17
216,1,1,False,8448.147079801092,8491.151879656436,43.00479985534366,0.4839526910021596,True,40
217,1,1,False,8722.810750071636,8762.629176973147,39.818426901510975,0.49831451994989456,True,9
218,1,1,False,8544.23642097798,8578.435687786005,34.19926680802382,0.48088768772750234,True,14
219,1,1,False,8528.309869974546,8575.291124645888,46.98125467134196,0.49843768687178464,True,12
220,1,1,False,8537.423915610274,8581.656420829788,44.23250521951377,0.4853791504429451,True,12
221,1,1,False,8642.22856105509,8685.763745065897,43.535184010806915,0.48076191393287737,True,17
222,1,1,False,8653.36170160534,8690.302734038645,36.941032433305736,0.4984457509425557,True,10
223,1,1,False,8498.984272465528,8538.102787090183,39.11851462465529,0.49177903718273397,True,16
224,1,1,False,8573.678808513914,8611.826162072355,38.147353558440955,0.4860935618203632,True,14
225,1,1,False,8406.431756260263,8448.741159818854,42.30940355859093,0.49187355120695253,True,14
226,1,1,False,8500.73375397811,8543.724418476548,42.99066449843849,0.48722549376194957,True,17
227,1,1,False,8489.266989818683,8532.720611489282,43.453621670598295,0.49035824309189646,True,32
228,1,1,False,8529.804142474739,8574.869853411554,45.06571093681487,0.4869226713917066,True,14
229,1,1,False,8501.20898170834,8542.364612262438,41.155630554098025,0.4914862880584113,True,12
230,1,1,False,8560.748104977974,8605.593344616287,44.845239638312705,0.49252591074425367,True,25
231,1,1,False,8611.423049150595,8653.08094527398,41.65789612338449,0.49337779256096176,True,14
232,1,1,False,8429.910661151614,8465.974552097921,36.063890946306856,0.47817240635217395,True,21
233,1,1,False,8620.460185473816,8662.170704209537,41.71051873572105,0.47878531502107896,True,17
234,1,1,False,8536.699020536977,8578.613968856798,41.91494831982163,0.4878414597053569,True,19
235,1,1,False,8374.50911493733,8419.038050406358,44.52893546902851,0.48794108815066933,True,10
236,1,1,False,8536.244400811414,8577.502453481351,41.25805266993666,0.48270040906794764,True,13
237,1,1,False,8481.730391019071,8515.541263060832,33.810872041760376,0.49389509190501474,True,28
238,1,1,False,8614.37928409327,8658.123205811778,43.74392171850923,0.4926465922510205,True,15
239,1,1,False,8573.455131398216,8612.733473621642,39.27834222342608,0.4900210323976227,True,14
240,1,1,False,8605.79729024514,8650.45145942404,44.6541691789007,0.49903945200939054,True,31
241,1,1,False,8412.386523094892,8451.85116977712,39.464646682226885,0.4705563923115192,True,16
242,1,1,False,8609.376051965337,8651.512395535543,42.13634357020601,0.4857749837978415,True,34
243,1,1,False,8594.595403436806,8638.981406426694,44.38600298988786,0.4863424390465597,True,41
244,1,1,False,8471.805879051013,8511.265648977238,39.45976992622491,0.4881238754049319,True,23
245,1,1,False,8549.79280091979,8591.254382954667,41.46158203487721,0.4959915068248468,True,12
246,1,1,False,8505.60447769124,8548.618730597746,43.014252906505135,0.4965388723244773,True,11
247,1,1,False,8558.818216676003,8604.77947767134,45.96126099533649,0.4919925826524766,True,18
248,1,1,False,8567.366855965087,8608.568611466218,41.20175550113163,0.48622863178913284,True,18
249,1,1,False,8541.820636598277,8585.876075956921,44.055439358644435,0.48345243404349314,True,13
250,1,1,False,8615.355277781313,8658.810252953639,43.45497517232616,0.4978266990828642,True,13
251,1,1,False,8564.51400968327,8600.65996765041,36.14595796714093,0.46102192228034855,True,48
252,1,1,False,8526.325206058118,8566.613067642049,40.28786158393086,0.47793594390125943,True,28
253,1,1,False,8640.85515964749,8684.843480419038,43.98832077154839,0.4955641922006245,True,12
254,1,1,False,8658.14800258906,8700.563620847348,42.415618258288305,0.4894073022710381,True,12
255,1,1,False,8630.219473553,8674.870482549815,44.65100899681602,0.4800572307785875,True,18
256,1,1,False,8579.325617431412,8617.926966070348,38.60134863893654,0.4914054254258855,True,14
257,1,1,False,8477.857316903719,8519.081787938672,41.22447103495324,0.48731648235335573,True,13
258,1,1,False,8542.723339143216,8582.926587948468,40.20324880525186,0.49300992733599175,True,20
259,1,1,False,8583.204593892751,8620.466891001117,37.2622971083656,0.4959345630314716,True,12
260,1,1,False,8580.624107870613,8619.948566492503,39.32445862188979,0.47817915109119546,True,13
261,1,1,False,8572.783760641307,8612.932474781994,40.148714140686934,0.48231814708519744,True,18
262,1,1,False,8610.210695738748,8651.168527816813,40.95783207806562,0.4975658816817445,True,17
263,1,1,False,8399.421298829144,8440.739002307326,41.31770347818201,0.4788594936365954,True,9
264,1,1,False,8464.565617002885,8501.337346344948,36.77172934206283,0.4919544061732917,True,5
265,1,1,False,8525.903257209684,8563.448173784684,37.54491657499966,0.4851122768920438,True,21
266,1,1,False,8617.162129011744,8658.576231167493,41.41410215574979,0.49283595396229063,True,17
267,1,1,False,8586.602094194342,8619.386522360757,32.78442816641473,0.4774606446231342,True,19
268,1,1,False,8610.571474221155,8651.545992875492,40.97451865433686,0.48400302217392616,True,20
269,1,1,False,8463.6979867557,8504.60521335891,40.90722660320898,0.48822258464844814,True,11
270,1,1,False,8578.604664158987,8620.841599659017,42.236935500030086,0.49887913699787984,True,16
271,1,1,False,8512.903736340271,8555.046397652726,42.14266131245495,0.4914489266049125,True,14
272,1,1,False,8626.861502038491,8668.673542389768,41.812040351276664,0.466198392985247,True,15
273,1,1,False,8551.936196958308,8587.308010141342,35.37181318303374,0.4882606369884903,True,31
274,1,1,False,8599.690537069731,8645.340731131177,45.65019406144529,0.4938702765742107,True,16
275,1,1,False,8574.321815050984,8616.31018312943,41.988368078446,0.4891806652443255,True,12
276,1,1,False,8679.332698457436,8720.74588938177,41.41319092433332,0.4857783894150095,True,20
277,1,1,False,8660.89716937825,8691.757299435412,30.860130057162678,0.49706342078451426,True,6
278,1,1,False,8529.915015604252,8568.451305944816,38.53629034056394,0.49931036626821207,True,13
279,1,1,False,8380.788138341579,8413.38278215554,32.59464381396174,0.46002253354469086,True,17
280,1,1,False,8392.02378334292,8420.699021364044,28.675238021123732,0.4663033755438187,True,30
281,1,1,False,8539.764826038325,8577.992484404715,38.22765836638973,0.4775701115185605,True,36
282,1,1,False,8741.896535989916,8782.496061794516,40.59952580460049,0.4816962991397037,True,19
283,1,1,False,8570.055322912729,8615.569225909801,45.513902997072364,0.4932997716233553,True,15
284,1,1,False,8432.144357272326,8465.506010460782,33.36165318845633,0.47957823843743724,True,15
285,1,1,False,8577.775983366468,8616.691090894217,38.91510752774957,0.49427702382930533,True,48
286,1,1,False,8512.817718649214,8540.733282702486,27.915564053271737,0.4918888933686764,True,10
287,1,1,False,8485.001258933413,8524.920112599697,39.91885366628412,0.48642153151118994,True,25
288,1,1,False,8554.425236743467,8599.823951538667,45.39871479519934,0.48494730257641455,True,16
289,1,1,False,8520.44580505163,8561.888230116163,41.44242506453338,0.47603103070715885,True,12
290,1,1,False,8488.932841771806,8530.516597313608,41.58375554180202,0.4985921163395193,True,18
291,1,1,False,8611.812268503096,8649.606046020019,37.793777516923,0.4936225963780107,True,11
292,1,1,False,8605.652788325218,8647.606199506341,41.95341118112265,0.48908293367128036,True,13
293,1,1,False,8423.744461414026,8462.396636669502,38.65217525547632,0.49714435787860994,True,13
294,1,1,False,8438.711432280208,8477.827420713927,39.115988433719394,0.4937541298257846,True,13
295,1,1,False,8559.114508942544,8599.81526427259,40.70075533004638,0.497544757200628,True,29
296,1,1,False,8520.706530986172,8558.572708138474,37.86617715230204,0.48661606152494524,True,14
297,1,1,False,8630.250022706905,8674.790161279516,44.540138572610886,0.4900585781811477,True,15
298,1,1,False,8581.18024008405,8618.615514405226,37.43527432117662,0.4837904980811228,True,14
299,1,1,False,8557.905696913478,8600.027380188321,42.121683274843235,0.48817379219904994,True,8
300,1,1,False,8576.112809436041,8614.836982378687,38.724172942645964,0.4980365027509878,True,11
301,1,1,False,8467.68855530087,8511.2684794529,43.57992415202898,0.4871034270718136,True,40
302,1,1,False,8554.704244056142,8592.975406306836,38.27116225069403,0.496423006173205,True,14
303,1,1,False,8520.926060291884,8565.739036254197,44.81297596231343,0.49308917152595105,True,8
304,1,1,False,8565.563304600644,8603.225627711365,37.662323110720536,0.49431916830480865,True,5
305,1,1,False,8538.115739436173,8582.57474757829,44.459008142117455,0.4967084642403476,True,28
306,1,1,False,8479.90228462838,8518.71356762966,38.81128300127966,0.4982537191408529,True,11
307,1,1,False,8425.671853906872,8464.378596148234,38.70674224136201,0.49553940303128463,True,11
308,1,1,False,8482.150403438915,8521.2570537039,39.10665026498464,0.49967782801971583,True,14
309,1,1,False,8474.987251138838,8519.873685293343,44.88643415450497,0.487345895767033,True,12
310,1,1,False,8660.38174992301,8704.55831154674,44.17656162372987,0.4901012794448039,True,25
311,1,1,False,8536.716887740582,8575.665841796386,38.94895405580428,0.4892937861087841,True,18
312,1,1,False,8506.47430926506,8552.58103193353,46.106722668469956,0.48272339535153336,True,21
313,1,1,False,8540.673990983032,8584.930474040379,44.256483057346486,0.49645868887937955,True,24
314,1,1,False,8536.198097859717,8579.542732298793,43.34463443907589,0.47110861770877155,True,11
315,1,1,False,8552.728726183172,8592.289810009705,39.56108382653292,0.4879012050735515,True,8
316,1,1,False,8521.114218658491,8560.095152998676,38.98093434018483,0.4996826908577404,True,30
317,1,1,False,8547.61694887451,8594.382456902653,46.765508028141994,0.4887453956388273,True,14
318,1,1,False,8633.312596549778,8667.624858654874,34.312262105095215,0.4887273522198217,True,8
319,1,1,False,8610.850284682854,8649.8503940686,39.00010938574633,0.4952658935126128,True,74
320,1,1,False,8548.27681535047,8585.200253621335,36.92343827086552,0.4890786520425847,True,10
321,1,1,False,8577.593857798813,8620.533744613838,42.9398868150256,0.4899174131198511,True,16
322,1,1,False,8585.973942119006,8624.40944863307,38.4355065140644,0.49987255669735065,True,15
323,1,1,False,8488.78644010207,8532.378396372504,43.591956270433,0.49330224703038505,True,12
324,1,1,False,8617.652066467563,8660.287094241472,42.635027773909314,0.48923080860180884,True,9
325,1,1,False,8670.2385495857,8705.613524246151,35.3749746604517,0.4971161314994354,True,21
326,1,1,False,8347.158522869102,8384.675343188383,37.51682031928067,0.48859522219271323,True,11
327,1,1,False,8581.447209815999,8624.164960017597,42.71775020159839,0.4929333060307783,True,12
328,1,1,False,8619.17177261083,8652.355893885015,33.18412127418378,0.49270712857249127,True,21
329,1,1,False,8686.182137659445,8726.925358925284,40.743221265838656,0.4830475412370589,True,18
330,1,1,False,8542.694715934911,8584.863394557022,42.16867862211075,0.4922702213107949,True,11
331,1,1,False,8562.896588602576,8598.889841878332,35.993253275755706,0.4952891766865629,True,12
332,1,1,False,8390.771872587691,8431.838471208403,41.066598620711375,0.49608286178444483,True,29
333,1,1,False,8609.28566073537,8648.821742759183,39.536082023812924,0.4931843290717035,True,13
334,1,1,False,8355.198911596282,8392.56957129272,37.37065969643845,0.49515762993693985,True,19
335,1,1,False,8365.560449935154,8402.833001760513,37.27255182535919,0.49250477333843895,True,20
336,1,1,False,8703.955009373707,8746.523589143353,42.56857976964602,0.48995896916383896,True,14
337,1,1,False,8483.295625126979,8525.747696526705,42.452071399726265,0.49312144207648945,True,10
338,1,1,False,8597.135799417752,8638.031215654135,40.895416236382516,0.4975946659968972,True,19
339,1,1,False,8546.800342694956,8587.323493877031,40.5231511820748,0.4806520419631357,True,40
340,1,1,False,8475.617005431222,8518.04373005204,42.42672462081828,0.4949229959883002,True,33
341,1,1,False,8540.562959936973,8581.285017232209,40.72205729523557,0.48660506686731936,True,9
342,1,1,False,8400.19377809454,8442.491202119238,42.29742402469674,0.49827283548794665,True,20
343,1,1,False,8550.642567297398,8596.853774932611,46.21120763521321,0.4937909299472655,True,16
344,1,1,False,8525.931412243142,8569.529893595769,43.59848135262655,0.4879003545300589,True,13
345,1,1,False,8509.33296408143,8545.855522177706,36.52255809627604,0.49212553325724084,True,21
346,1,1,False,8539.428322662152,8586.399808102577,46.97148544042466,0.4923150985964084,True,14
347,1,1,False,8554.42556854646,8594.893066066426,40.467497519966855,0.497951255404036,True,11
348,1,1,False,8568.916675777735,8612.643735230895,43.72705945316011,0.4940485871342058,True,14
349,1,1,False,8565.299990128033,8603.18937319509,37.88938306705677,0.49548792568143785,True,12
350,1,1,False,8533.562475626719,8563.817509223967,30.255033597248257,0.48706828627102844,True,21
351,1,1,False,8573.450862813372,8615.265298661423,41.81443584805129,0.4949264582031071,True,23
352,1,1,False,8567.926399189746,8610.631374893988,42.704975704242315,0.47326994902507213,True,11
353,1,1,False,8326.717466331556,8371.835801103529,45.11833477197251,0.4864224218914936,True,18
354,1,1,False,8433.16725000715,8468.206674735498,35.03942472834751,0.4812279955543751,True,17
355,1,1,False,8581.769228128673,8616.950230880391,35.18100275171855,0.46361062037949824,True,36
356,1,1,False,8588.921306974862,8632.863149466999,43.94184249213686,0.48289207760714675,True,16
357,1,1,False,8556.33471617994,8591.729076002353,35.39435982241412,0.4809460780867185,True,15
358,1,1,False,8527.382908667882,8564.52477089608,37.14186222819808,0.49096444753180957,True,11
359,1,1,False,8493.974999430498,8539.094643272694,45.11964384219573,0.476911694746189,True,15
360,1,1,False,8498.439072136709,8540.783215101817,42.344142965108404,0.4871275821052585,True,8
361,1,1,False,8603.828176807638,8643.960301133311,40.13212432567343,0.47658911856488184,True,15
362,1,1,False,8500.205985772742,8541.906328986384,41.700343213642554,0.4819974170225718,True,11
363,1,1,False,8596.143523918123,8639.37636777796,43.232843859837885,0.4837144648721178,True,32
364,1,1,False,8565.39663027827,8606.0371418749,40.64051159662995,0.48346308966119295,True,15
365,1,1,False,8708.271743375717,8739.445534675053,31.17379129933579,0.46944771472582564,True,14
366,1,1,False,8487.765214339313,8532.00531731143,44.2401029721168,0.49618544824522187,True,10
367,1,1,False,8520.061689541482,8560.668492879708,40.60680333822529,0.4964215728940682,True,29
368,1,1,False,8600.910359335918,8644.410786509095,43.50042717317774,0.4950449088813505,True,9
369,1,1,False,8534.297559108363,8574.940757919092,40.64319881072879,0.4962488110260138,True,10
370,1,1,False,8656.839249827633,8695.700089499736,38.860839672102884,0.4842729428773788,True,11
371,1,1,False,8668.16730006086,8710.035281243461,41.86798118260049,0.496106453437568,True,14
372,1,1,False,8564.72519267805,8603.38690666721,38.66171398916049,0.4984744262312214,True,7
373,1,1,False,8573.01440999961,8611.59359789688,38.57918789726864,0.47788899927303724,True,15
374,1,1,False,8586.961158277123,8630.106642838953,43.14548456183002,0.4802150042517131,True,12
375,1,1,False,8561.359043688113,8603.587362178654,42.228318490540914,0.4927412121037516,True,12
376,1,1,False,8618.325505823921,8657.143922295016,38.81841647109468,0.47471029227430084,True,14
377,1,1,False,8543.756324379336,8574.108411029409,30.352086650073034,0.4986972684170615,True,21
378,1,1,False,8703.19856579027,8746.092704076746,42.894138286475936,0.4926328790261746,True,11
379,1,1,False,8636.306620018193,8668.49656852322,32.18994850502713,0.49068361542550426,True,11
380,1,1,False,8646.698591465976,8684.73830670192,38.03971523594373,0.4921623473401393,True,9
381,1,1,False,8381.732788834048,8420.295670743119,38.56288190907071,0.4945668337287892,True,17
382,1,1,False,8558.598078759504,8598.906154792629,40.30807603312496,0.481619683283235,True,48
383,1,1,False,8520.506903043013,8562.101270695168,41.59436765215469,0.49689408699958676,True,14
384,1,1,False,8439.84805258621,8475.03131500004,35.18326241382965,0.4960683060273364,True,10
385,1,1,False,8488.237629016867,8529.803948965495,41.566319948628006,0.4888582874853689,True,22
386,1,1,False,8545.397422945085,8581.578596351357,36.18117340627214,0.4987909456614377,True,27
387,1,1,False,8623.881169355054,8666.302432202961,42.4212628479072,0.49371595403441,True,22
388,1,1,False,8585.517213777333,8622.091357236919,36.574143459585684,0.4877415093019787,True,12
389,1,1,False,8479.938419791157,8519.471260688255,39.53284089709814,0.4774098457151618,True,11
390,1,1,False,8736.604812078574,8777.526134350494,40.92132227191905,0.4896483154334648,True,21
391,1,1,False,8598.200092825005,8640.677653086326,42.47756026132083,0.48998131532948974,True,45
392,1,1,False,8548.328110042214,8589.726922701606,41.398812659392206,0.48522484445418407,True,11
393,1,1,False,8615.480583407822,8655.861956914601,40.38137350677971,0.4886361546335988,True,10
394,1,1,False,8508.47153027033,8550.025144423496,41.55361415316656,0.47854969880263815,True,25
395,1,1,False,8564.299450032586,8606.534411051014,42.234961018428294,0.47666247760183783,True,9
396,1,1,False,8605.571877230825,8645.309875917845,39.73799868702008,0.49987522530043604,True,43
397,1,1,False,8612.288645816914,8656.658172021294,44.369526204380236,0.47937154391371845,True,14
398,1,1,False,8708.573878411664,8740.423974309355,31.850095897691062,0.4974052497366005,True,50
399,1,1,False,8556.34103842882,8598.150157241433,41.809118812612724,0.4868841543785719,True,26
400,1,1,False,8514.208763765124,8557.098486771776,42.889723006652275,0.4965563427407638,True,13
401,1,1,False,8578.724542989723,8621.790696403448,43.06615341372526,0.48519439883142856,True,19
402,1,1,False,8533.349846318357,8572.246000372284,38.8961540539276,0.49542770096335675,True,8
403,1,1,False,8500.92467996347,8541.810009945211,40.88532998174196,0.4988785024330292,True,15
404,1,1,False,8569.274495316156,8608.882345095979,39.60784977982257,0.4723141700308777,True,60
405,1,1,False,8424.00315823674,8459.210128031018,35.20696979427885,0.49917832574626664,True,66
406,1,1,False,8576.422143884292,8617.21969078915,40.79754690485788,0.49947692397474824,True,14
407,1,1,False,8501.617659639125,8546.82817793566,45.210518296535156,0.4900064090893553,True,17
408,1,1,False,8663.123180815717,8707.391572033715,44.268391217998214,0.49683450207320645,True,20
409,1,1,False,8647.578644638914,8689.325404326062,41.74675968714837,0.4971186499992333,True,11
410,1,1,False,8632.083115864036,8666.77723328973,34.69411742569355,0.49123828209188436,True,10
411,1,1,False,8518.01693318856,8553.641469524537,35.62453633597579,0.4804412734862236,True,17
412,1,1,False,8590.093290652127,8632.213143631092,42.119852978965355,0.4931243279005397,True,18
413,1,1,False,8597.510441225219,8642.996646085017,45.48620485979882,0.48357038659613283,True,19
414,1,1,False,8560.460133694676,8602.46374896887,42.00361527419409,0.494811518154826,True,15
415,1,1,False,8429.04289453812,8474.912636011495,45.86974147337423,0.49559610986681985,True,16
416,1,1,False,8508.782853006023,8553.281132263162,44.498279257139075,0.4987880599242465,True,14
417,1,1,False,8631.089110675814,8673.350042934459,42.26093225864497,0.48883166387900595,True,15
418,1,1,False,8532.570264733884,8575.271996441965,42.70173170808084,0.4909071258320848,True,56
419,1,1,False,8560.00341763832,8600.176120157868,40.17270251954869,0.4957192031011783,True,36
420,1,1,False,8591.728749891532,8635.664458751993,43.93570886046109,0.49074587122236346,True,11
421,1,1,False,8527.86546135767,8573.043144192643,45.17768283497389,0.48473137345154343,True,16
422,1,1,False,8536.75273622869,8578.108234316942,41.355498088252716,0.4911396897628695,True,15
423,1,1,False,8450.573121989019,8487.878990945765,37.30586895674605,0.49952981691236875,True,11
424,1,1,False,8502.357752310632,8536.587540343638,34.229788033006116,0.4685423973703981,True,14
425,1,1,False,8556.015010446565,8596.481047993582,40.46603754701755,0.4967026649301978,True,16
426,1,1,False,8588.643689040748,8621.44345506553,32.799766024782,0.4940821342572399,True,30
427,1,1,False,8510.446809339319,8550.0182685918,39.57145925248187,0.4965920586678525,True,17
428,1,1,False,8599.297342706031,8641.567948234675,42.2706055286435,0.4939841805158562,True,6
429,1,1,False,8342.681069087146,8383.569016125464,40.88794703831809,0.4795700333814994,True,10
430,1,1,False,8579.623496749122,8624.846547374449,45.22305062532723,0.4848436929371016,True,17
431,1,1,False,8512.401663980909,8551.39332680273,38.99166282182159,0.49400145395339545,True,7
432,1,1,False,8482.779577542264,8509.425766733606,26.646189191342273,0.42584594722552177,True,44
433,1,1,False,8550.006183555433,8588.000988492839,37.994804937405206,0.4711330959888845,True,17
434,1,1,False,8677.54561324606,8717.665050895275,40.11943764921489,0.4904937936485947,True,13
435,1,1,False,8552.86587686064,8588.568948761618,35.7030719009781,0.4850003280703157,True,7
436,1,1,False,8485.239343270168,8518.310672212474,33.07132894230563,0.49062039528431994,True,12
437,1,1,False,8581.870571692501,8619.65616182321,37.78559013070844,0.49673189062297246,True,13
438,1,1,False,8438.218914234789,8481.680787171399,43.461872936610234,0.47903851564222977,True,51
439,1,1,False,8559.78077571048,8603.831792787216,44.05101707673566,0.48552025734259807,True,12
440,1,1,False,8594.411380988035,8639.388080498346,44.97669951031094,0.48702247186301634,True,13
441,1,1,False,8565.435040303244,8605.323767262193,39.88872695894861,0.49576225599806345,True,13
442,1,1,False,8438.56486244022,8473.681453788879,35.1165913486584,0.4949723527337341,True,19
443,1,1,False,8687.365734559466,8730.387161027333,43.02142646786706,0.4945279878877603,True,12
444,1,1,False,8552.37313979711,8594.222179969565,41.849040172455716,0.4949472546789296,True,26
445,1,1,False,8491.066071938625,8535.097800207619,44.0317282689939,0.4957127145815824,True,18
446,1,1,False,8576.985965419495,8621.484812524692,44.498847105196546,0.4978161935191907,True,11
447,1,1,False,8509.288346484202,8555.720195304328,46.431848820126106,0.49217473034595927,True,14
448,1,1,False,8600.538729080905,8641.950676560497,41.41194747959162,0.48608305600842827,True,23
449,1,1,False,8593.98420969618,8637.299795295674,43.315585599493716,0.4868752317904616,True,16
450,1,1,False,8619.617455644202,8657.229905705663,37.61245006146055,0.4909183557153042,True,43
451,1,1,False,8516.485772329917,8555.545090320173,39.059317990255295,0.47821411441488243,True,23
452,1,1,False,8494.709951529909,8534.400061387725,39.690109857816424,0.4510059958306952,True,67
453,1,1,False,8480.527616383228,8524.143832459858,43.616216076630735,0.4875869940157145,True,12
454,1,1,False,8522.38149106145,8563.569667593038,41.1881765315884,0.49032933826657227,True,34
455,1,1,False,8514.316965327862,8550.999185380715,36.682220052853154,0.484679008473436,True,19
456,1,1,False,8549.075370154682,8595.717734223164,46.64236406848249,0.49048452539251713,True,11
457,1,1,False,8523.66814660586,8567.766698953435,44.098552347575605,0.47867490515675615,True,26
458,1,1,False,8507.524735748888,8542.621496872582,35.096761123693796,0.47238613862240314,True,23
459,1,1,False,8663.603147423159,8703.997822128766,40.39467470560703,0.48194182161084254,True,16
460,1,1,False,8494.932105167698,8536.884315916166,41.95221074846813,0.49486782421099823,True,10
461,1,1,False,8583.405250223248,8628.814411604848,45.409161381599915,0.49089473730707334,True,15
462,1,1,False,8587.337685667058,8622.695122502482,35.35743683542387,0.4795846046428056,True,10
463,1,1,False,8563.02132530448,8602.574376001752,39.55305069727183,0.48998935118411086,True,15
464,1,1,False,8519.424496338777,8562.481824212338,43.05732787356101,0.4986454145556152,True,35
465,1,1,False,8657.2060515014,8695.553733218412,38.347681717012165,0.49531926312155405,True,12
466,1,1,False,8629.380898732337,8667.731693917513,38.35079518517523,0.4887960711338531,True,24
467,1,1,False,8616.998391689242,8659.931371876095,42.932980186853456,0.4836929941117151,True,17
468,1,1,False,8470.753789545734,8510.215897462262,39.46210791652811,0.49454844066577386,True,23
469,1,1,False,8517.085296418929,8553.209804424094,36.1245080051649,0.47847014121472226,True,36
470,1,1,False,8534.079539026548,8572.043456255218,37.96391722866974,0.4987626821402054,True,15
471,1,1,False,8581.981689730528,8619.125384522384,37.14369479185552,0.49383516333812116,True,18
472,1,1,False,8520.430784876196,8562.112859635154,41.68207475895724,0.4839616689727242,True,12
473,1,1,False,8524.267900374703,8562.678010432088,38.41011005738437,0.4785824601857599,True,18
474,1,1,False,8599.175039323889,8636.116982646554,36.94194332266488,0.4900712757137063,True,15
475,1,1,False,8511.505858802442,8548.025451288566,36.519592486123656,0.4898271173265636,True,10
476,1,1,False,8422.658950947005,8453.533477495565,30.874526548559516,0.4230405747724462,True,77
477,1,1,False,8498.925459969229,8538.369192404227,39.44373243499831,0.4872510723026962,True,13
478,1,1,False,8483.778598477622,8525.697531363377,41.91893288575557,0.4846096956653521,True,13
479,1,1,False,8627.752570215634,8671.58850599193,43.83593577629472,0.49564641200774584,True,15
480,1,1,False,8569.016599851413,8610.617698597762,41.601098746348725,0.4777178503909837,True,18
481,1,1,False,8442.493216271303,8480.105797116046,37.612580844743206,0.49556255952582545,True,8
482,1,1,False,8573.516626450724,8613.937340870172,40.420714419447904,0.47810121235291614,True,11
483,1,1,False,8602.605492534993,8647.799037562125,45.19354502713213,0.48670281173587276,True,11
484,1,1,False,8755.929516200596,8801.592550755666,45.663034555069316,0.48344176747541434,True,12
485,1,1,False,8686.663886700751,8722.398268243775,35.73438154302312,0.48567344235983195,True,18
486,1,1,False,8466.157955030389,8509.262785834062,43.104830803673394,0.4879807708691108,True,16
487,1,1,False,8571.342582955398,8609.161014946849,37.81843199145078,0.48145137027126306,True,33
488,1,1,False,8568.989398552485,8611.210632097118,42.22123354463292,0.4893671930846352,True,36
489,1,1,False,8601.525657974005,8642.857799391351,41.332141417346065,0.4990766723296804,True,11
490,1,1,False,8585.048032280665,8620.533831862818,35.48579958215305,0.487195831645974,True,14
491,1,1,False,8452.007918935276,8487.860166793012,35.852247857736074,0.49522490418668075,True,16
492,1,1,False,8484.766447853177,8527.8039343303,43.03748647712382,0.49147782964953857,True,9
493,1,1,False,8466.942908129158,8510.091733601586,43.14882547242814,0.49578261480893976,True,41
494,1,1,False,8455.245586643156,8501.9819296795,46.7363430363439,0.4943935938017658,True,15
495,1,1,False,8574.391515269013,8614.087837075773,39.69632180675944,0.4863583318386358,True,14
496,1,1,False,8504.011521165,8543.154442692548,39.142921527547514,0.48965405061469336,True,11
497,1,1,False,8407.09620312897,8447.77578593401,40.67958280504172,0.48426042961997795,True,15
498,1,1,False,8534.946660434915,8575.91579214014,40.969131705225664,0.49021446759561227,True,16
499,1,1,False,8639.464084911586,8679.527824626417,40.06373971483117,0.48609590693560406,True,17
