repeat,renal_effect_sd,heart_failure_effect_sd,agreement_with_mechanism,agreement_with_kidney_status,called_atrial_size,composition__atrial_normal_kidneys,composition__atrial_impaired_kidneys,composition__competing_impaired_kidneys,composition__competing_normal_kidneys
0,0.0,1.5,0.811,0.503,439,0.6036446469248291,0.2505694760820046,0.03189066059225513,0.11389521640091116
1,0.0,1.5,0.803,0.579,434,0.5806451612903226,0.2857142857142857,0.03686635944700461,0.0967741935483871
2,0.0,1.5,0.815,0.542,486,0.5452674897119342,0.25308641975308643,0.0823045267489712,0.11934156378600823
3,0.0,1.5,0.814,0.51,479,0.569937369519833,0.2546972860125261,0.05219206680584551,0.12317327766179541
4,0.0,1.5,0.827,0.5329999999999999,540,0.587037037037037,0.24259259259259258,0.03888888888888889,0.13148148148148148
5,0.0,1.5,0.803,0.524,507,0.5739644970414202,0.21696252465483234,0.0631163708086785,0.14595660749506903
6,0.0,1.5,0.814,0.509,550,0.5545454545454546,0.24545454545454545,0.06363636363636363,0.13636363636363635
7,0.0,1.5,0.821,0.513,481,0.6361746361746362,0.23492723492723494,0.031185031185031187,0.09771309771309772
8,0.0,1.5,0.811,0.504,472,0.6059322033898306,0.2330508474576271,0.036016949152542374,0.125
9,0.0,1.5,0.8,0.524,596,0.535234899328859,0.2063758389261745,0.1040268456375839,0.15436241610738255
10,0.0,1.5,0.823,0.517,540,0.5740740740740741,0.22777777777777777,0.05925925925925926,0.1388888888888889
11,0.0,1.5,0.807,0.502,457,0.5711159737417943,0.23194748358862144,0.05689277899343545,0.1400437636761488
12,0.0,1.5,0.824,0.507,504,0.5912698412698413,0.26785714285714285,0.04365079365079365,0.09722222222222222
13,0.0,1.5,0.828,0.524,500,0.574,0.254,0.06,0.112
14,0.0,1.5,0.828,0.516,518,0.5675675675675675,0.2471042471042471,0.04826254826254826,0.13706563706563707
15,0.0,1.5,0.808,0.505,451,0.6407982261640798,0.2328159645232816,0.026607538802660754,0.09977827050997783
16,0.0,1.5,0.814,0.51,459,0.6078431372549019,0.25272331154684097,0.02832244008714597,0.1111111111111111
17,0.0,1.5,0.827,0.516,439,0.621867881548975,0.2437357630979499,0.0387243735763098,0.09567198177676538
18,0.0,1.5,0.84,0.506,513,0.5886939571150097,0.24366471734892786,0.04678362573099415,0.12085769980506822
19,0.0,1.5,0.785,0.52,472,0.5338983050847458,0.2648305084745763,0.07627118644067797,0.125
20,0.0,1.5,0.829,0.525,456,0.5942982456140351,0.26096491228070173,0.046052631578947366,0.09868421052631579
21,0.0,1.5,0.816,0.517,482,0.5726141078838174,0.24481327800829875,0.06846473029045644,0.11410788381742738
22,0.0,1.5,0.83,0.5,419,0.6324582338902148,0.20047732696897375,0.03579952267303103,0.13126491646778043
23,0.0,1.5,0.834,0.507,503,0.5944333996023857,0.24254473161033796,0.03777335984095427,0.12524850894632206
24,0.0,1.5,0.84,0.511,451,0.6031042128603105,0.2549889135254989,0.05321507760532151,0.08869179600886919
25,0.0,1.5,0.805,0.517,496,0.5584677419354839,0.23588709677419356,0.0625,0.1431451612903226
26,0.0,1.5,0.829,0.513,474,0.5970464135021097,0.22573839662447256,0.046413502109704644,0.1308016877637131
27,0.0,1.5,0.832,0.52,527,0.5806451612903226,0.2428842504743833,0.05313092979127135,0.12333965844402277
28,0.0,1.5,0.824,0.513,483,0.5838509316770186,0.2422360248447205,0.08488612836438923,0.08902691511387163
29,0.0,1.5,0.814,0.516,570,0.5473684210526316,0.25087719298245614,0.06315789473684211,0.13859649122807016
30,0.0,1.5,0.805,0.502,483,0.556935817805383,0.23395445134575568,0.07453416149068323,0.13457556935817805
31,0.0,1.5,0.781,0.521,454,0.5308370044052864,0.2709251101321586,0.05506607929515418,0.14317180616740088
32,0.0,1.5,0.8,0.542,481,0.5197505197505198,0.2972972972972973,0.06860706860706861,0.11434511434511435
33,0.0,1.5,0.814,0.514,520,0.5653846153846154,0.24615384615384617,0.04423076923076923,0.14423076923076922
34,0.0,1.5,0.805,0.501,484,0.5826446280991735,0.2396694214876033,0.04132231404958678,0.13636363636363635
35,0.0,1.5,0.816,0.534,456,0.5855263157894737,0.2675438596491228,0.03070175438596491,0.1162280701754386
36,0.0,1.5,0.807,0.545,381,0.6640419947506562,0.22572178477690288,0.031496062992125984,0.07874015748031496
37,0.0,1.5,0.792,0.5449999999999999,614,0.5162866449511401,0.2247557003257329,0.08631921824104234,0.17263843648208468
38,0.0,1.5,0.834,0.552,475,0.5284210526315789,0.32421052631578945,0.04421052631578947,0.1031578947368421
39,0.0,1.5,0.767,0.534,342,0.631578947368421,0.27485380116959063,0.02631578947368421,0.06725146198830409
0,0.25,1.5,0.812,0.505,483,0.5859213250517599,0.2277432712215321,0.06832298136645963,0.11801242236024845
1,0.25,1.5,0.825,0.533,519,0.5722543352601156,0.2697495183044316,0.06936416184971098,0.08863198458574181
2,0.25,1.5,0.81,0.567,501,0.5069860279441117,0.2934131736526946,0.09381237524950099,0.10578842315369262
3,0.25,1.5,0.791,0.561,420,0.5833333333333334,0.2357142857142857,0.07380952380952381,0.10714285714285714
4,0.25,1.5,0.833,0.534,532,0.5394736842105263,0.2631578947368421,0.09022556390977443,0.10714285714285714
5,0.25,1.5,0.815,0.577,444,0.5202702702702703,0.32432432432432434,0.06531531531531531,0.09009009009009009
6,0.25,1.5,0.832,0.509,501,0.590818363273453,0.25349301397205587,0.0499001996007984,0.10578842315369262
7,0.25,1.5,0.805,0.533,514,0.5408560311284046,0.245136186770428,0.08365758754863813,0.1303501945525292
8,0.25,1.5,0.803,0.575,437,0.5263157894736842,0.30663615560640733,0.05491990846681922,0.11212814645308924
9,0.25,1.5,0.815,0.511,578,0.5294117647058824,0.2422145328719723,0.09515570934256055,0.13321799307958476
10,0.25,1.5,0.834,0.543,500,0.564,0.268,0.072,0.096
11,0.25,1.5,0.801,0.527,616,0.547077922077922,0.2224025974025974,0.08116883116883117,0.14935064935064934
12,0.25,1.5,0.814,0.532,447,0.6331096196868009,0.24161073825503357,0.049217002237136466,0.07606263982102908
13,0.25,1.5,0.808,0.519,482,0.6182572614107884,0.2095435684647303,0.04564315352697095,0.12655601659751037
14,0.25,1.5,0.832,0.529,477,0.6121593291404612,0.23060796645702306,0.06708595387840671,0.09014675052410902
15,0.25,1.5,0.82,0.537,471,0.5583864118895966,0.2951167728237792,0.07430997876857749,0.07218683651804671
16,0.25,1.5,0.794,0.501,575,0.5130434782608696,0.23478260869565218,0.10260869565217391,0.14956521739130435
17,0.25,1.5,0.822,0.531,493,0.565922920892495,0.2697768762677485,0.06490872210953347,0.09939148073022312
18,0.25,1.5,0.801,0.523,464,0.5991379310344828,0.2435344827586207,0.07543103448275862,0.08189655172413793
19,0.25,1.5,0.807,0.524,559,0.5080500894454383,0.2629695885509839,0.08765652951699464,0.1413237924865832
20,0.25,1.5,0.816,0.579,440,0.5727272727272728,0.2863636363636364,0.06363636363636363,0.07727272727272727
21,0.25,1.5,0.821,0.582,461,0.5574837310195228,0.31019522776572667,0.06073752711496746,0.07158351409978309
22,0.25,1.5,0.815,0.556,441,0.5714285714285714,0.2857142857142857,0.061224489795918366,0.08163265306122448
23,0.25,1.5,0.818,0.511,491,0.5906313645621182,0.23421588594704684,0.05091649694501019,0.12423625254582485
24,0.25,1.5,0.829,0.511,497,0.5955734406438632,0.24346076458752516,0.052313883299798795,0.10865191146881288
25,0.25,1.5,0.815,0.544,521,0.5163147792706334,0.26103646833013433,0.08445297504798464,0.1381957773512476
26,0.25,1.5,0.812,0.54,515,0.5242718446601942,0.28932038834951457,0.07766990291262135,0.1087378640776699
27,0.25,1.5,0.795,0.577,465,0.5440860215053763,0.2838709677419355,0.07311827956989247,0.0989247311827957
28,0.25,1.5,0.819,0.533,452,0.5420353982300885,0.3075221238938053,0.033185840707964605,0.1172566371681416
29,0.25,1.5,0.852,0.562,497,0.5492957746478874,0.2655935613682093,0.08249496981891348,0.10261569416498995
30,0.25,1.5,0.82,0.554,469,0.5415778251599147,0.2857142857142857,0.06609808102345416,0.10660980810234541
31,0.25,1.5,0.827,0.561,455,0.5802197802197803,0.26593406593406593,0.05054945054945055,0.10329670329670329
32,0.25,1.5,0.817,0.53,503,0.5546719681908548,0.2783300198807157,0.05964214711729622,0.1073558648111332
33,0.25,1.5,0.8,0.501,533,0.5609756097560976,0.22326454033771106,0.0900562851782364,0.12570356472795496
34,0.25,1.5,0.82,0.549,449,0.6035634743875279,0.267260579064588,0.05790645879732739,0.07126948775055679
35,0.25,1.5,0.802,0.534,526,0.5057034220532319,0.2661596958174905,0.09885931558935361,0.12927756653992395
36,0.25,1.5,0.807,0.507,561,0.5454545454545454,0.21746880570409982,0.0766488413547237,0.16042780748663102
37,0.25,1.5,0.808,0.564,461,0.5357917570498916,0.24511930585683298,0.11713665943600868,0.1019522776572668
38,0.25,1.5,0.816,0.545,467,0.556745182012848,0.27194860813704497,0.07708779443254818,0.09421841541755889
39,0.25,1.5,0.827,0.501,583,0.5506003430531733,0.22984562607204118,0.10291595197255575,0.11663807890222985
0,0.5,1.5,0.806,0.531,584,0.5034246575342466,0.2568493150684932,0.10616438356164383,0.13356164383561644
1,0.5,1.5,0.793,0.519,548,0.5255474452554745,0.25364963503649635,0.07481751824817519,0.145985401459854
2,0.5,1.5,0.777,0.592,583,0.44596912521440824,0.2881646655231561,0.1320754716981132,0.13379073756432247
3,0.5,1.5,0.819,0.626,414,0.5483091787439613,0.3188405797101449,0.07246376811594203,0.06038647342995169
4,0.5,1.5,0.803,0.605,473,0.5243128964059197,0.3044397463002114,0.10993657505285412,0.0613107822410148
5,0.5,1.5,0.782,0.627,433,0.5473441108545035,0.302540415704388,0.09006928406466513,0.06004618937644342
6,0.5,1.5,0.818,0.599,461,0.5531453362255966,0.2885032537960954,0.08893709327548807,0.06941431670281996
7,0.5,1.5,0.815,0.558,516,0.5484496124031008,0.2558139534883721,0.11434108527131782,0.08139534883720931
8,0.5,1.5,0.779,0.619,485,0.5237113402061856,0.25773195876288657,0.13402061855670103,0.08453608247422681
9,0.5,1.5,0.799,0.593,533,0.5215759849906192,0.275797373358349,0.1275797373358349,0.075046904315197
10,0.5,1.5,0.802,0.567,540,0.524074074074074,0.23703703703703705,0.13333333333333333,0.10555555555555556
11,0.5,1.5,0.784,0.568,629,0.4785373608903021,0.2670906200317965,0.13354531001589826,0.12082670906200318
12,0.5,1.5,0.754,0.551,644,0.46273291925465837,0.234472049689441,0.15217391304347827,0.15062111801242237
13,0.5,1.5,0.823,0.528,542,0.5313653136531366,0.2564575645756458,0.08856088560885608,0.12361623616236163
14,0.5,1.5,0.777,0.503,621,0.500805152979066,0.22544283413848631,0.1111111111111111,0.16264090177133655
15,0.5,1.5,0.795,0.583,530,0.5075471698113208,0.25660377358490566,0.12641509433962264,0.10943396226415095
16,0.5,1.5,0.784,0.546,647,0.47295208655332305,0.25193199381761977,0.1391035548686244,0.13601236476043277
17,0.5,1.5,0.81,0.544,579,0.5112262521588946,0.25906735751295334,0.10189982728842832,0.12780656303972365
18,0.5,1.5,0.788,0.612,503,0.5089463220675944,0.2644135188866799,0.12922465208747516,0.09741550695825049
19,0.5,1.5,0.789,0.637,426,0.5093896713615024,0.3215962441314554,0.12206572769953052,0.046948356807511735
20,0.5,1.5,0.824,0.558,489,0.5521472392638037,0.2883435582822086,0.08588957055214724,0.0736196319018405
21,0.5,1.5,0.792,0.627,369,0.5447154471544715,0.32791327913279134,0.07859078590785908,0.04878048780487805
22,0.5,1.5,0.797,0.543,518,0.5328185328185329,0.24903474903474904,0.08301158301158301,0.13513513513513514
23,0.5,1.5,0.769,0.623,419,0.5298329355608592,0.31026252983293556,0.0883054892601432,0.07159904534606205
24,0.5,1.5,0.812,0.576,469,0.5522388059701493,0.2857142857142857,0.08742004264392324,0.07462686567164178
25,0.5,1.5,0.796,0.617,486,0.5102880658436214,0.2736625514403292,0.12345679012345678,0.09259259259259259
26,0.5,1.5,0.806,0.508,571,0.5183887915936952,0.2574430823117338,0.0647985989492119,0.159369527145359
27,0.5,1.5,0.829,0.573,542,0.5313653136531366,0.2896678966789668,0.0959409594095941,0.08302583025830258
28,0.5,1.5,0.797,0.501,608,0.5296052631578947,0.21052631578947367,0.11842105263157894,0.14144736842105263
29,0.5,1.5,0.801,0.577,510,0.5019607843137255,0.2803921568627451,0.10392156862745099,0.11372549019607843
30,0.5,1.5,0.819,0.571,477,0.549266247379455,0.2851153039832285,0.0859538784067086,0.07966457023060797
31,0.5,1.5,0.812,0.601,473,0.5200845665961945,0.2854122621564482,0.10782241014799154,0.08668076109936575
32,0.5,1.5,0.78,0.505,614,0.48859934853420195,0.21661237785016288,0.1270358306188925,0.16775244299674266
33,0.5,1.5,0.823,0.533,546,0.5677655677655677,0.23992673992673993,0.08608058608058608,0.10622710622710622
34,0.5,1.5,0.781,0.579,488,0.5327868852459017,0.2540983606557377,0.10655737704918032,0.10655737704918032
35,0.5,1.5,0.82,0.548,562,0.5462633451957295,0.23843416370106763,0.11921708185053381,0.09608540925266904
36,0.5,1.5,0.832,0.564,443,0.6117381489841986,0.2618510158013544,0.05869074492099323,0.06772009029345373
37,0.5,1.5,0.82,0.52,546,0.5677655677655677,0.23809523809523808,0.09523809523809523,0.0989010989010989
38,0.5,1.5,0.81,0.554,557,0.5224416517055656,0.26929982046678635,0.09156193895870736,0.11669658886894076
39,0.5,1.5,0.818,0.542,554,0.5379061371841155,0.2779783393501805,0.09566787003610108,0.08844765342960288
0,0.75,1.5,0.724,0.709,367,0.4359673024523161,0.38419618528610355,0.13896457765667575,0.04087193460490463
1,0.75,1.5,0.764,0.657,482,0.46887966804979253,0.3236514522821577,0.15145228215767634,0.056016597510373446
2,0.75,1.5,0.796,0.655,450,0.4955555555555556,0.32222222222222224,0.12,0.06222222222222222
3,0.75,1.5,0.776,0.645,555,0.4864864864864865,0.2774774774774775,0.16396396396396395,0.07207207207207207
4,0.75,1.5,0.792,0.602,525,0.49142857142857144,0.2914285714285714,0.12,0.09714285714285714
5,0.75,1.5,0.775,0.673,501,0.4550898203592814,0.32934131736526945,0.1377245508982036,0.07784431137724551
6,0.75,1.5,0.746,0.688,461,0.42733188720173537,0.3492407809110629,0.17136659436008678,0.052060737527114966
7,0.75,1.5,0.796,0.526,529,0.5330812854442344,0.2514177693761815,0.07939508506616257,0.13610586011342155
8,0.75,1.5,0.789,0.642,478,0.48535564853556484,0.3263598326359833,0.1297071129707113,0.058577405857740586
9,0.75,1.5,0.77,0.682,438,0.4726027397260274,0.3310502283105023,0.15296803652968036,0.04337899543378995
10,0.75,1.5,0.773,0.656,453,0.5253863134657837,0.27593818984547464,0.141280353200883,0.05739514348785872
11,0.75,1.5,0.78,0.611,535,0.5158878504672897,0.2635514018691589,0.15140186915887852,0.0691588785046729
12,0.75,1.5,0.753,0.647,495,0.4707070707070707,0.29292929292929293,0.16363636363636364,0.07272727272727272
13,0.75,1.5,0.765,0.661,468,0.47649572649572647,0.30128205128205127,0.14743589743589744,0.07478632478632478
14,0.75,1.5,0.731,0.715,347,0.4322766570605187,0.40634005763688763,0.12103746397694524,0.040345821325648415
15,0.75,1.5,0.753,0.665,433,0.49653579676674364,0.2979214780600462,0.13856812933025403,0.06697459584295612
16,0.75,1.5,0.764,0.543,670,0.4671641791044776,0.23134328358208955,0.15223880597014924,0.14925373134328357
17,0.75,1.5,0.774,0.62,460,0.4891304347826087,0.2847826086956522,0.12608695652173912,0.1
18,0.75,1.5,0.804,0.587,481,0.5446985446985447,0.25363825363825365,0.13305613305613306,0.06860706860706861
19,0.75,1.5,0.738,0.679,500,0.468,0.284,0.194,0.054
20,0.75,1.5,0.725,0.717,390,0.4512820512820513,0.3,0.20512820512820512,0.04358974358974359
21,0.75,1.5,0.782,0.611,580,0.49310344827586206,0.253448275862069,0.16551724137931034,0.08793103448275862
22,0.75,1.5,0.758,0.621,602,0.4435215946843854,0.26411960132890366,0.1744186046511628,0.11794019933554817
23,0.75,1.5,0.776,0.666,503,0.4731610337972167,0.2882703777335984,0.1610337972166998,0.0775347912524851
24,0.75,1.5,0.794,0.587,545,0.5339449541284403,0.25504587155963304,0.12660550458715597,0.08440366972477065
25,0.75,1.5,0.779,0.618,539,0.5009276437847866,0.2727272727272727,0.14842300556586271,0.07792207792207792
26,0.75,1.5,0.75,0.6,591,0.4686971235194585,0.23688663282571912,0.17258883248730963,0.1218274111675127
27,0.75,1.5,0.766,0.638,464,0.49353448275862066,0.2823275862068966,0.12931034482758622,0.09482758620689655
28,0.75,1.5,0.803,0.652,472,0.4894067796610169,0.3432203389830508,0.11864406779661017,0.048728813559322036
29,0.75,1.5,0.727,0.646,555,0.4144144144144144,0.2954954954954955,0.16576576576576577,0.12432432432432433
30,0.75,1.5,0.772,0.637,507,0.4536489151873767,0.3116370808678501,0.14003944773175542,0.09467455621301775
31,0.75,1.5,0.786,0.665,429,0.47785547785547783,0.351981351981352,0.13053613053613053,0.039627039627039624
32,0.75,1.5,0.778,0.581,604,0.48344370860927155,0.25662251655629137,0.15397350993377484,0.10596026490066225
33,0.75,1.5,0.748,0.592,598,0.4866220735785953,0.21070234113712374,0.18394648829431437,0.11872909698996656
34,0.75,1.5,0.769,0.665,428,0.5163551401869159,0.3247663551401869,0.10514018691588785,0.053738317757009345
35,0.75,1.5,0.801,0.566,563,0.49733570159857904,0.25754884547069273,0.12255772646536411,0.12255772646536411
36,0.75,1.5,0.769,0.686,417,0.4676258992805755,0.36211031175059955,0.12949640287769784,0.0407673860911271
37,0.75,1.5,0.794,0.542,574,0.5278745644599303,0.23867595818815332,0.10801393728222997,0.1254355400696864
38,0.75,1.5,0.762,0.625,544,0.4724264705882353,0.30514705882352944,0.13602941176470587,0.08639705882352941
39,0.75,1.5,0.772,0.622,567,0.47619047619047616,0.2716049382716049,0.1728395061728395,0.07936507936507936
0,1.0,1.5,0.735,0.709,435,0.42758620689655175,0.34022988505747126,0.18620689655172415,0.04597701149425287
1,1.0,1.5,0.705,0.725,451,0.3835920177383592,0.3237250554323725,0.21951219512195122,0.07317073170731707
2,1.0,1.5,0.707,0.74,438,0.3926940639269406,0.3515981735159817,0.21689497716894976,0.03881278538812785
3,1.0,1.5,0.766,0.676,529,0.4555765595463138,0.2835538752362949,0.18714555765595464,0.07372400756143667
4,1.0,1.5,0.746,0.697,449,0.49443207126948774,0.2806236080178174,0.18930957683741648,0.035634743875278395
5,1.0,1.5,0.716,0.691,549,0.4335154826958106,0.2677595628415301,0.22404371584699453,0.07468123861566485
6,1.0,1.5,0.737,0.68,513,0.48148148148148145,0.2573099415204678,0.20272904483430798,0.05847953216374269
7,1.0,1.5,0.754,0.656,564,0.4450354609929078,0.2695035460992908,0.1950354609929078,0.09042553191489362
8,1.0,1.5,0.7,0.72,523,0.4149139579349904,0.28680688336520077,0.2390057361376673,0.05927342256214149
9,1.0,1.5,0.757,0.674,546,0.46886446886446886,0.2802197802197802,0.2032967032967033,0.047619047619047616
10,1.0,1.5,0.741,0.718,429,0.44988344988344986,0.3333333333333333,0.18414918414918416,0.03263403263403263
11,1.0,1.5,0.755,0.677,458,0.48253275109170307,0.2903930131004367,0.1812227074235808,0.04585152838427948
12,1.0,1.5,0.712,0.697,525,0.4361904761904762,0.2838095238095238,0.21904761904761905,0.06095238095238095
13,1.0,1.5,0.785,0.63,503,0.5069582504970179,0.27037773359840955,0.15109343936381708,0.07157057654075547
14,1.0,1.5,0.687,0.761,422,0.3862559241706161,0.36018957345971564,0.22985781990521326,0.023696682464454975
15,1.0,1.5,0.694,0.773,495,0.35555555555555557,0.36363636363636365,0.2383838383838384,0.04242424242424243
16,1.0,1.5,0.706,0.764,394,0.350253807106599,0.39593908629441626,0.22081218274111675,0.03299492385786802
17,1.0,1.5,0.739,0.69,498,0.43172690763052207,0.3072289156626506,0.18473895582329317,0.07630522088353414
18,1.0,1.5,0.738,0.693,501,0.4311377245508982,0.2874251497005988,0.21956087824351297,0.06187624750499002
19,1.0,1.5,0.698,0.778,384,0.375,0.4088541666666667,0.20052083333333334,0.015625
20,1.0,1.5,0.739,0.675,573,0.43106457242582896,0.28970331588132636,0.20418848167539266,0.07504363001745201
21,1.0,1.5,0.765,0.681,468,0.43162393162393164,0.32905982905982906,0.17094017094017094,0.06837606837606838
22,1.0,1.5,0.752,0.648,582,0.44501718213058417,0.2508591065292096,0.19072164948453607,0.1134020618556701
23,1.0,1.5,0.729,0.695,432,0.45601851851851855,0.3194444444444444,0.16435185185185186,0.06018518518518518
24,1.0,1.5,0.746,0.684,498,0.4678714859437751,0.2931726907630522,0.178714859437751,0.060240963855421686
25,1.0,1.5,0.679,0.767,459,0.355119825708061,0.3224400871459695,0.27233115468409586,0.05010893246187364
26,1.0,1.5,0.715,0.727,448,0.41964285714285715,0.29910714285714285,0.22767857142857142,0.05357142857142857
27,1.0,1.5,0.743,0.694,491,0.4460285132382892,0.3136456211812627,0.18737270875763748,0.05295315682281059
28,1.0,1.5,0.715,0.723,472,0.4343220338983051,0.3029661016949153,0.2288135593220339,0.03389830508474576
29,1.0,1.5,0.72,0.666,588,0.4557823129251701,0.24829931972789115,0.20578231292517007,0.09013605442176871
30,1.0,1.5,0.72,0.723,480,0.46458333333333335,0.29375,0.20625,0.035416666666666666
31,1.0,1.5,0.72,0.732,387,0.4082687338501292,0.3798449612403101,0.17829457364341086,0.03359173126614987
32,1.0,1.5,0.769,0.693,533,0.4146341463414634,0.3545966228893058,0.1669793621013133,0.06378986866791744
33,1.0,1.5,0.688,0.78,422,0.3578199052132701,0.3459715639810427,0.24881516587677724,0.04739336492890995
34,1.0,1.5,0.715,0.67,591,0.4077834179357022,0.26057529610829105,0.2470389170896785,0.08460236886632826
35,1.0,1.5,0.704,0.742,494,0.4089068825910931,0.31376518218623484,0.22469635627530365,0.05263157894736842
36,1.0,1.5,0.707,0.743,504,0.4027777777777778,0.2896825396825397,0.25,0.057539682539682536
37,1.0,1.5,0.734,0.709,498,0.42168674698795183,0.3232931726907631,0.19879518072289157,0.05622489959839357
38,1.0,1.5,0.755,0.671,512,0.47265625,0.2578125,0.19921875,0.0703125
39,1.0,1.5,0.725,0.689,543,0.44751381215469616,0.2541436464088398,0.2302025782688766,0.06813996316758748
0,1.25,1.5,0.638,0.844,427,0.297423887587822,0.3442622950819672,0.3325526932084309,0.02576112412177986
1,1.25,1.5,0.651,0.865,427,0.28337236533957844,0.37236533957845436,0.3325526932084309,0.0117096018735363
2,1.25,1.5,0.682,0.796,447,0.348993288590604,0.38478747203579416,0.22818791946308725,0.03803131991051454
3,1.25,1.5,0.667,0.783,495,0.3434343434343434,0.33131313131313134,0.26666666666666666,0.05858585858585859
4,1.25,1.5,0.655,0.823,408,0.34558823529411764,0.3431372549019608,0.29411764705882354,0.01715686274509804
5,1.25,1.5,0.675,0.831,416,0.34375,0.38461538461538464,0.25721153846153844,0.014423076923076924
6,1.25,1.5,0.666,0.783,472,0.3580508474576271,0.3156779661016949,0.2648305084745763,0.0614406779661017
7,1.25,1.5,0.632,0.817,402,0.3407960199004975,0.34328358208955223,0.2885572139303483,0.02736318407960199
8,1.25,1.5,0.712,0.72,527,0.4269449715370019,0.2713472485768501,0.2656546489563567,0.036053130929791274
9,1.25,1.5,0.643,0.834,412,0.3131067961165049,0.32524271844660196,0.33737864077669905,0.024271844660194174
10,1.25,1.5,0.616,0.83,418,0.3062200956937799,0.34688995215311,0.31100478468899523,0.03588516746411483
11,1.25,1.5,0.687,0.767,409,0.3863080684596577,0.34474327628361856,0.24205378973105135,0.02689486552567237
12,1.25,1.5,0.673,0.793,453,0.3730684326710817,0.282560706401766,0.31125827814569534,0.033112582781456956
13,1.25,1.5,0.657,0.81,406,0.33251231527093594,0.3694581280788177,0.26354679802955666,0.034482758620689655
14,1.25,1.5,0.681,0.79,420,0.3619047619047619,0.3476190476190476,0.2619047619047619,0.02857142857142857
15,1.25,1.5,0.682,0.785,408,0.36764705882352944,0.3553921568627451,0.24509803921568626,0.031862745098039214
16,1.25,1.5,0.651,0.836,449,0.30957683741648107,0.35634743875278396,0.3028953229398664,0.031180400890868598
17,1.25,1.5,0.672,0.782,445,0.3797752808988764,0.3393258426966292,0.24719101123595505,0.033707865168539325
18,1.25,1.5,0.688,0.727,547,0.3875685557586837,0.28153564899451555,0.25411334552102377,0.07678244972577697
19,1.25,1.5,0.692,0.708,560,0.4017857142857143,0.2642857142857143,0.24107142857142858,0.09285714285714286
20,1.25,1.5,0.637,0.809,408,0.3627450980392157,0.29411764705882354,0.29901960784313725,0.04411764705882353
21,1.25,1.5,0.716,0.762,481,0.3887733887733888,0.316008316008316,0.25363825363825365,0.04158004158004158
22,1.25,1.5,0.606,0.823,456,0.3355263157894737,0.29605263157894735,0.34210526315789475,0.02631578947368421
23,1.25,1.5,0.674,0.826,390,0.28205128205128205,0.4358974358974359,0.2512820512820513,0.03076923076923077
24,1.25,1.5,0.705,0.776,406,0.3793103448275862,0.3522167487684729,0.23399014778325122,0.034482758620689655
25,1.25,1.5,0.679,0.787,417,0.3669064748201439,0.3501199040767386,0.2565947242206235,0.026378896882494004
26,1.25,1.5,0.503,1.0,284,0.0,0.426056338028169,0.573943661971831,0.0
27,1.25,1.5,0.595,0.874,366,0.27049180327868855,0.366120218579235,0.3442622950819672,0.01912568306010929
28,1.25,1.5,0.656,0.779,447,0.3713646532438479,0.31543624161073824,0.27069351230425054,0.042505592841163314
29,1.25,1.5,0.623,0.83,368,0.29347826086956524,0.358695652173913,0.32065217391304346,0.02717391304347826
30,1.25,1.5,0.704,0.762,447,0.407158836689038,0.3288590604026846,0.22818791946308725,0.035794183445190156
31,1.25,1.5,0.719,0.717,550,0.42363636363636364,0.27636363636363637,0.2381818181818182,0.06181818181818182
32,1.25,1.5,0.637,0.83,304,0.28289473684210525,0.4342105263157895,0.26973684210526316,0.013157894736842105
33,1.25,1.5,0.687,0.78,459,0.3681917211328976,0.3006535947712418,0.28540305010893247,0.0457516339869281
34,1.25,1.5,0.512,0.988,292,0.0,0.523972602739726,0.476027397260274,0.0
35,1.25,1.5,0.658,0.805,448,0.31919642857142855,0.3392857142857143,0.3013392857142857,0.04017857142857143
36,1.25,1.5,0.634,0.795,494,0.33805668016194335,0.30364372469635625,0.2894736842105263,0.06882591093117409
37,1.25,1.5,0.6,0.877,327,0.20489296636085627,0.45565749235474007,0.3211009174311927,0.01834862385321101
38,1.25,1.5,0.579,0.92,355,0.16056338028169015,0.4422535211267606,0.38873239436619716,0.008450704225352112
39,1.25,1.5,0.679,0.761,476,0.3907563025210084,0.28781512605042014,0.26260504201680673,0.058823529411764705
0,1.5,1.5,0.504,0.999,311,0.003215434083601286,0.5048231511254019,0.4919614147909968,0.0
1,1.5,1.5,0.572,0.938,333,0.11711711711711711,0.5165165165165165,0.3633633633633634,0.003003003003003003
2,1.5,1.5,0.501,1.0,287,0.0,0.47735191637630664,0.5226480836236934,0.0
3,1.5,1.5,0.634,0.85,460,0.2543478260869565,0.40217391304347827,0.30869565217391304,0.034782608695652174
4,1.5,1.5,0.506,0.996,295,0.0,0.488135593220339,0.511864406779661,0.0
5,1.5,1.5,0.511,0.999,297,0.0,0.5050505050505051,0.494949494949495,0.0
6,1.5,1.5,0.559,0.943,349,0.12893982808022922,0.46418338108882523,0.3954154727793696,0.011461318051575931
7,1.5,1.5,0.517,0.997,296,0.006756756756756757,0.5675675675675675,0.42567567567567566,0.0
8,1.5,1.5,0.519,0.99,313,0.02875399361022364,0.4984025559105431,0.4728434504792332,0.0
9,1.5,1.5,0.625,0.856,425,0.30117647058823527,0.33647058823529413,0.3341176470588235,0.02823529411764706
10,1.5,1.5,0.564,0.935,361,0.13573407202216067,0.4515235457063712,0.40166204986149584,0.0110803324099723
11,1.5,1.5,0.605,0.879,381,0.27296587926509186,0.3753280839895013,0.3464566929133858,0.005249343832020997
12,1.5,1.5,0.506,0.988,291,0.003436426116838488,0.5017182130584192,0.4948453608247423,0.0
13,1.5,1.5,0.638,0.788,516,0.3701550387596899,0.28294573643410853,0.3062015503875969,0.040697674418604654
14,1.5,1.5,0.575,0.908,378,0.2275132275132275,0.3783068783068783,0.3862433862433862,0.007936507936507936
15,1.5,1.5,0.567,0.895,346,0.22254335260115607,0.4161849710982659,0.3583815028901734,0.002890173410404624
16,1.5,1.5,0.644,0.804,484,0.3285123966942149,0.34917355371900827,0.2830578512396694,0.03925619834710744
17,1.5,1.5,0.513,0.992,293,0.010238907849829351,0.4880546075085324,0.5017064846416383,0.0
18,1.5,1.5,0.541,0.945,250,0.008,0.588,0.404,0.0
19,1.5,1.5,0.625,0.858,433,0.26096997690531176,0.3695150115473441,0.325635103926097,0.04387990762124711
20,1.5,1.5,0.603,0.88,398,0.28391959798994976,0.3492462311557789,0.35678391959798994,0.010050251256281407
21,1.5,1.5,0.514,0.999,292,0.003424657534246575,0.4828767123287671,0.5136986301369864,0.0
22,1.5,1.5,0.585,0.904,391,0.22250639386189258,0.42455242966751916,0.3350383631713555,0.017902813299232736
23,1.5,1.5,0.518,0.979,284,0.0,0.49295774647887325,0.5070422535211268,0.0
24,1.5,1.5,0.622,0.87,362,0.24861878453038674,0.4005524861878453,0.3370165745856354,0.013812154696132596
25,1.5,1.5,0.61,0.877,388,0.27835051546391754,0.36597938144329895,0.32989690721649484,0.02577319587628866
26,1.5,1.5,0.509,1.0,287,0.0,0.445993031358885,0.554006968641115,0.0
27,1.5,1.5,0.567,0.944,311,0.07717041800643087,0.5273311897106109,0.3954983922829582,0.0
28,1.5,1.5,0.696,0.776,461,0.3774403470715835,0.3383947939262473,0.25162689804772237,0.03253796095444685
29,1.5,1.5,0.506,0.997,269,0.011152416356877323,0.43866171003717475,0.550185873605948,0.0
30,1.5,1.5,0.549,0.919,366,0.1912568306010929,0.4016393442622951,0.4016393442622951,0.00546448087431694
31,1.5,1.5,0.695,0.76,497,0.39436619718309857,0.2837022132796781,0.2796780684104628,0.04225352112676056
32,1.5,1.5,0.592,0.902,364,0.23076923076923078,0.4175824175824176,0.3434065934065934,0.008241758241758242
33,1.5,1.5,0.548,0.954,307,0.11400651465798045,0.46254071661237783,0.4201954397394137,0.003257328990228013
34,1.5,1.5,0.648,0.84,372,0.3387096774193548,0.3682795698924731,0.27419354838709675,0.01881720430107527
35,1.5,1.5,0.624,0.811,452,0.34513274336283184,0.33185840707964603,0.2809734513274336,0.0420353982300885
36,1.5,1.5,0.516,1.0,309,0.0,0.5080906148867314,0.4919093851132686,0.0
37,1.5,1.5,0.589,0.88,346,0.2254335260115607,0.4421965317919075,0.31213872832369943,0.02023121387283237
38,1.5,1.5,0.526,0.98,296,0.02702702702702703,0.4831081081081081,0.48986486486486486,0.0
39,1.5,1.5,0.539,0.962,285,0.056140350877192984,0.5333333333333333,0.4105263157894737,0.0
0,1.75,1.5,0.513,1.0,315,0.0,0.546031746031746,0.45396825396825397,0.0
1,1.75,1.5,0.519,0.974,314,0.028662420382165606,0.5,0.4713375796178344,0.0
2,1.75,1.5,0.527,1.0,329,0.0,0.5045592705167173,0.49544072948328266,0.0
3,1.75,1.5,0.508,1.0,294,0.0,0.4931972789115646,0.5068027210884354,0.0
4,1.75,1.5,0.562,0.901,414,0.21980676328502416,0.36231884057971014,0.4033816425120773,0.014492753623188406
5,1.75,1.5,0.501,0.998,300,0.0,0.5166666666666667,0.48333333333333334,0.0
6,1.75,1.5,0.502,1.0,284,0.0,0.5070422535211268,0.49295774647887325,0.0
7,1.75,1.5,0.512,1.0,300,0.0,0.48,0.52,0.0
8,1.75,1.5,0.5,0.999,308,0.0,0.5097402597402597,0.4902597402597403,0.0
9,1.75,1.5,0.518,0.989,317,0.022082018927444796,0.5047318611987381,0.47318611987381703,0.0
10,1.75,1.5,0.569,0.95,321,0.11526479750778816,0.42679127725856697,0.4517133956386293,0.006230529595015576
11,1.75,1.5,0.501,1.0,304,0.0,0.4967105263157895,0.5032894736842105,0.0
12,1.75,1.5,0.517,0.983,332,0.04216867469879518,0.45180722891566266,0.5060240963855421,0.0
13,1.75,1.5,0.505,0.988,306,0.02287581699346405,0.45751633986928103,0.5196078431372549,0.0
14,1.75,1.5,0.505,0.985,286,0.03146853146853147,0.493006993006993,0.47202797202797203,0.0034965034965034965
15,1.75,1.5,0.526,1.0,283,0.0,0.5371024734982333,0.4628975265017668,0.0
16,1.75,1.5,0.568,0.894,371,0.24528301886792453,0.3746630727762803,0.3557951482479784,0.02425876010781671
17,1.75,1.5,0.512,1.0,303,0.0,0.47194719471947194,0.528052805280528,0.0
18,1.75,1.5,0.525,1.0,300,0.0,0.45666666666666667,0.5433333333333333,0.0
19,1.75,1.5,0.528,0.972,305,0.06885245901639345,0.45901639344262296,0.46885245901639344,0.003278688524590164
20,1.75,1.5,0.549,0.951,332,0.14457831325301204,0.4397590361445783,0.41566265060240964,0.0
21,1.75,1.5,0.528,1.0,304,0.0,0.5263157894736842,0.47368421052631576,0.0
22,1.75,1.5,0.512,0.999,295,0.003389830508474576,0.5491525423728814,0.44745762711864406,0.0
23,1.75,1.5,0.51,1.0,308,0.0,0.4805194805194805,0.5194805194805194,0.0
24,1.75,1.5,0.544,0.952,342,0.09064327485380116,0.47076023391812866,0.43567251461988304,0.0029239766081871343
25,1.75,1.5,0.534,0.966,313,0.03514376996805112,0.5143769968051118,0.4472843450479233,0.003194888178913738
26,1.75,1.5,0.545,0.952,357,0.11484593837535013,0.4425770308123249,0.4425770308123249,0.0
27,1.75,1.5,0.514,1.0,326,0.0,0.4785276073619632,0.5214723926380368,0.0
28,1.75,1.5,0.514,0.998,309,0.003236245954692557,0.5080906148867314,0.4886731391585761,0.0
29,1.75,1.5,0.54,1.0,277,0.0,0.51985559566787,0.48014440433212996,0.0
30,1.75,1.5,0.509,0.998,295,0.0,0.488135593220339,0.511864406779661,0.0
31,1.75,1.5,0.51,0.99,287,0.03484320557491289,0.46689895470383275,0.49825783972125437,0.0
32,1.75,1.5,0.504,1.0,316,0.0,0.4651898734177215,0.5348101265822784,0.0
33,1.75,1.5,0.508,0.991,285,0.0035087719298245615,0.512280701754386,0.4842105263157895,0.0
34,1.75,1.5,0.515,1.0,295,0.0,0.44745762711864406,0.5525423728813559,0.0
35,1.75,1.5,0.514,1.0,316,0.0,0.5158227848101266,0.48417721518987344,0.0
36,1.75,1.5,0.551,0.974,320,0.0625,0.509375,0.421875,0.00625
37,1.75,1.5,0.57,0.937,266,0.07142857142857142,0.518796992481203,0.40601503759398494,0.0037593984962406013
38,1.75,1.5,0.546,0.955,314,0.08598726114649681,0.4713375796178344,0.4394904458598726,0.0031847133757961785
39,1.75,1.5,0.506,0.986,312,0.038461538461538464,0.4583333333333333,0.5,0.003205128205128205
0,2.0,1.5,0.508,1.0,302,0.0,0.48013245033112584,0.5198675496688742,0.0
1,2.0,1.5,0.506,1.0,314,0.0,0.5445859872611465,0.4554140127388535,0.0
2,2.0,1.5,0.505,0.994,303,0.0,0.4884488448844885,0.5115511551155115,0.0
3,2.0,1.5,0.513,1.0,274,0.0,0.5109489051094891,0.48905109489051096,0.0
4,2.0,1.5,0.502,0.998,298,0.006711409395973154,0.5100671140939598,0.48322147651006714,0.0
5,2.0,1.5,0.525,0.99,300,0.023333333333333334,0.49,0.48333333333333334,0.0033333333333333335
6,2.0,1.5,0.501,0.995,296,0.0033783783783783786,0.5337837837837838,0.46283783783783783,0.0
7,2.0,1.5,0.528,0.965,349,0.09169054441260745,0.4699140401146132,0.4383954154727794,0.0
8,2.0,1.5,0.544,0.96,346,0.1069364161849711,0.45375722543352603,0.43641618497109824,0.002890173410404624
9,2.0,1.5,0.5,1.0,304,0.0,0.4934210526315789,0.506578947368421,0.0
10,2.0,1.5,0.507,1.0,297,0.0,0.4983164983164983,0.5016835016835017,0.0
11,2.0,1.5,0.502,1.0,300,0.0,0.45,0.55,0.0
12,2.0,1.5,0.512,1.0,306,0.0,0.4934640522875817,0.5065359477124183,0.0
13,2.0,1.5,0.521,0.997,302,0.0,0.4768211920529801,0.5231788079470199,0.0
14,2.0,1.5,0.512,1.0,274,0.0,0.4927007299270073,0.5072992700729927,0.0
15,2.0,1.5,0.512,1.0,305,0.0,0.4819672131147541,0.5180327868852459,0.0
16,2.0,1.5,0.503,1.0,307,0.0,0.504885993485342,0.495114006514658,0.0
17,2.0,1.5,0.503,1.0,289,0.0,0.48788927335640137,0.5121107266435986,0.0
18,2.0,1.5,0.516,0.999,316,0.0031645569620253164,0.5284810126582279,0.46835443037974683,0.0
19,2.0,1.5,0.537,0.99,314,0.022292993630573247,0.5445859872611465,0.43312101910828027,0.0
20,2.0,1.5,0.509,1.0,311,0.0,0.4855305466237942,0.5144694533762058,0.0
21,2.0,1.5,0.507,0.99,304,0.003289473684210526,0.47368421052631576,0.5230263157894737,0.0
22,2.0,1.5,0.508,0.999,314,0.0,0.4968152866242038,0.5031847133757962,0.0
23,2.0,1.5,0.502,0.989,313,0.03514376996805112,0.4984025559105431,0.46645367412140576,0.0
24,2.0,1.5,0.526,1.0,317,0.0,0.4889589905362776,0.5110410094637224,0.0
25,2.0,1.5,0.509,0.999,308,0.003246753246753247,0.512987012987013,0.4837662337662338,0.0
26,2.0,1.5,0.515,1.0,273,0.0,0.5604395604395604,0.43956043956043955,0.0
27,2.0,1.5,0.506,1.0,300,0.0,0.49666666666666665,0.5033333333333333,0.0
28,2.0,1.5,0.514,1.0,306,0.0,0.4803921568627451,0.5196078431372549,0.0
29,2.0,1.5,0.512,1.0,292,0.0,0.476027397260274,0.523972602739726,0.0
30,2.0,1.5,0.509,0.991,309,0.019417475728155338,0.42718446601941745,0.5533980582524272,0.0
31,2.0,1.5,0.509,1.0,279,0.0,0.5376344086021505,0.46236559139784944,0.0
32,2.0,1.5,0.516,0.999,288,0.0,0.5555555555555556,0.4444444444444444,0.0
33,2.0,1.5,0.53,0.999,286,0.0034965034965034965,0.46853146853146854,0.527972027972028,0.0
34,2.0,1.5,0.505,0.997,299,0.010033444816053512,0.4916387959866221,0.4983277591973244,0.0
35,2.0,1.5,0.512,1.0,306,0.0,0.5032679738562091,0.49673202614379086,0.0
36,2.0,1.5,0.501,1.0,288,0.0,0.4861111111111111,0.5138888888888888,0.0
37,2.0,1.5,0.516,1.0,277,0.0,0.5054151624548736,0.49458483754512633,0.0
38,2.0,1.5,0.507,1.0,276,0.0,0.5072463768115942,0.4927536231884058,0.0
39,2.0,1.5,0.506,1.0,316,0.0,0.5221518987341772,0.4778481012658228,0.0
