shift_index,shift,method,metric,repeat_count,mean,sample_sd,monte_carlo_standard_error,ci95_low,ci95_high,repeat_quantile_2_5,repeat_quantile_97_5
0,No shift,Pooled associative latent class model,accuracy,50,0.8049200000000001,0.014114459223919023,0.001996085966002831,0.8009087150715396,0.8089312849284606,0.782,0.8277749999999999
0,No shift,Pooled associative latent class model,adjusted_rand_index,50,0.37205803149844063,0.034225288203871856,0.0048401866754043486,0.3623313122124652,0.3817847507844161,0.3174192895555758,0.42917225755414096
0,No shift,Pooled associative latent class model,false_atrial_renal_competing,50,0.30030888507476283,0.0508400960616032,0.007189875336267022,0.28586028964095433,0.31475748050857133,0.18011006289308176,0.3797503110386546
0,No shift,Pooled associative latent class model,brier_score,50,0.1363334534421859,0.007091133520956492,0.0010028377197935149,0.13431817559362969,0.1383487312907421,0.12462496886771324,0.15170660561695237
0,No shift,Pooled associative latent class model,expected_calibration_error,50,0.037073694085166836,0.01336674930184422,0.0018903438147509196,0.03327490596538297,0.040872482204950704,0.018297989523179157,0.05720372705283023
0,No shift,Pooled associative latent class model,mean_posterior_entropy,50,0.41848855950206876,0.013068579968885996,0.0018481763032955935,0.4147745101691169,0.42220260883502064,0.3931627872651436,0.4399564765988097
0,No shift,Pooled associative latent class model,predicted_atrial_prevalence,50,0.49848000000000003,0.039900508922129034,0.005642784086326356,0.48714040083165167,0.5098195991683484,0.428125,0.5563
0,No shift,Pooled associative latent class model,accuracy_complete_case,50,0.8110188568663186,0.0147014978346271,0.002079105762492833,0.8068407374106403,0.8151969763219968,0.7856949996342559,0.8367045031499539
0,No shift,Pooled associative latent class model,accuracy_any_missing,50,0.7722617248694494,0.030272393705851004,0.00428116297443124,0.7636584057699178,0.780865043968981,0.7237281263337602,0.8368589743589744
0,No shift,Pooled associative latent class model,accuracy_electrical_missing,50,0.7819034387328689,0.06277879041741417,0.008878261683768521,0.7640619039044144,0.7997449735613235,0.6603658536585366,0.8744015957446809
0,No shift,Pooled associative latent class model,biomarker_missing_fraction,50,0.05493333333333334,0.003887884547990513,0.0005498299056708974,0.053828408770264,0.05603825789640268,0.04948333333333333,0.06225833333333333
0,No shift,Pooled associative latent class model,all_biomarkers_missing_rate,50,0.00026000000000000003,0.00048697315854455176,6.886840453253685e-05,0.0001216037596308149,0.00039839624036918514,0.0,0.001
0,No shift,Target-calibrated associative latent model,accuracy,50,0.8134799999999999,0.012142420160204384,0.001717197527059353,0.8100291623723618,0.816930837627638,0.7922250000000001,0.83255
0,No shift,Target-calibrated associative latent model,adjusted_rand_index,50,0.3930499337568325,0.030452284637439306,0.004306603393951252,0.38439549022021136,0.40170437729345365,0.34093500049061753,0.4418058512348297
0,No shift,Target-calibrated associative latent model,false_atrial_renal_competing,50,0.17124590240605186,0.07414137726074371,0.010485174125516394,0.1501751561264259,0.19231664868567783,0.06673881673881674,0.292355992918022
0,No shift,Target-calibrated associative latent model,brier_score,50,0.13065150072413545,0.007070523652081247,0.0009999230441853045,0.12864208013550577,0.13266092131276513,0.12111323280974162,0.14462084326403418
0,No shift,Target-calibrated associative latent model,expected_calibration_error,50,0.043557119593297056,0.016312937966693204,0.002306997811464851,0.03892103391926594,0.04819320526732817,0.02315272137717857,0.08785252648029901
0,No shift,Target-calibrated associative latent model,mean_posterior_entropy,50,0.3931269008682582,0.01322933736287271,0.0018709108319783702,0.3893671647894376,0.39688663694707876,0.36995899776500957,0.4163127380893262
0,No shift,Target-calibrated associative latent model,predicted_atrial_prevalence,50,0.4968,0.0468479956228391,0.006625307077981445,0.4834859469577114,0.5101140530422886,0.41157499999999997,0.58405
0,No shift,Target-calibrated associative latent model,accuracy_complete_case,50,0.819782613956336,0.012818423660585516,0.0018127988589044211,0.8161396582595856,0.8234255696530864,0.7941678077928545,0.8417273236282194
0,No shift,Target-calibrated associative latent model,accuracy_any_missing,50,0.7792214428352304,0.02887669367241041,0.004083781182801614,0.771014777296418,0.7874281083740429,0.7257842509603073,0.831497668997669
0,No shift,Target-calibrated associative latent model,accuracy_electrical_missing,50,0.7859287626811299,0.06300663994318681,0.008910484472721315,0.7680224737339245,0.8038350516283352,0.6879849137931034,0.8977489406779662
0,No shift,Target-calibrated associative latent model,biomarker_missing_fraction,50,0.05493333333333334,0.003887884547990513,0.0005498299056708974,0.053828408770264,0.05603825789640268,0.04948333333333333,0.06225833333333333
0,No shift,Target-calibrated associative latent model,all_biomarkers_missing_rate,50,0.00026000000000000003,0.00048697315854455176,6.886840453253685e-05,0.0001216037596308149,0.00039839624036918514,0.0,0.001
0,No shift,Frozen causal latent SCM,accuracy,50,0.8185800000000001,0.010813993202309276,0.0015293295850116234,0.8155066971365516,0.8216533028634486,0.802,0.8367749999999999
0,No shift,Frozen causal latent SCM,adjusted_rand_index,50,0.4058372925969133,0.027580797036512925,0.0039005137230096244,0.3979989168070704,0.41367566838675623,0.3641810482503583,0.45313086398287256
0,No shift,Frozen causal latent SCM,false_atrial_renal_competing,50,0.17897153880163558,0.04012590499933632,0.00567465990525558,0.16756788277690382,0.19037519482636733,0.08787066510303233,0.23434523809523808
0,No shift,Frozen causal latent SCM,brier_score,50,0.1275963189174875,0.006598374628584941,0.0009331510889363356,0.12572108159666084,0.12947155623831413,0.11648519397782688,0.140899370158981
0,No shift,Frozen causal latent SCM,expected_calibration_error,50,0.03636227742276668,0.011087325886004919,0.0015679846638438448,0.033211294270107675,0.03951326057542569,0.021363897491723068,0.06745236433546994
0,No shift,Frozen causal latent SCM,mean_posterior_entropy,50,0.39580344072988743,0.013214399612413809,0.0018687983150493378,0.3920479499127754,0.39955893154699945,0.37505933988412854,0.4194933824094221
0,No shift,Frozen causal latent SCM,predicted_atrial_prevalence,50,0.50078,0.034721804006551685,0.004910404613612586,0.490912172484199,0.5106478275158011,0.4209,0.5603250000000001
0,No shift,Frozen causal latent SCM,accuracy_complete_case,50,0.8255615511337108,0.010888665854021162,0.0015398898926905545,0.8224670265374542,0.8286560757299674,0.807663723233416,0.8452688138870035
0,No shift,Frozen causal latent SCM,accuracy_any_missing,50,0.7808781122012932,0.031296409859444645,0.004425980727681366,0.7719837709309335,0.7897724534716529,0.7171258598252463,0.8330710955710956
0,No shift,Frozen causal latent SCM,accuracy_electrical_missing,50,0.7906948908179737,0.06328291145849498,0.008949555165105934,0.7727100863748547,0.8086796952610927,0.7008333333333333,0.8931080426356589
0,No shift,Frozen causal latent SCM,biomarker_missing_fraction,50,0.05493333333333334,0.003887884547990513,0.0005498299056708974,0.053828408770264,0.05603825789640268,0.04948333333333333,0.06225833333333333
0,No shift,Frozen causal latent SCM,all_biomarkers_missing_rate,50,0.00026000000000000003,0.00048697315854455176,6.886840453253685e-05,0.0001216037596308149,0.00039839624036918514,0.0,0.001
0,No shift,Modular causal latent SCM,accuracy,50,0.81726,0.011151663187019864,0.0015770833322100264,0.8140907323887014,0.8204292676112985,0.79645,0.836
0,No shift,Modular causal latent SCM,adjusted_rand_index,50,0.4025057658899221,0.02830285619079693,0.004002628307892033,0.39446218315894976,0.4105493486208944,0.3508942512748658,0.4510345609602568
0,No shift,Modular causal latent SCM,false_atrial_renal_competing,50,0.1735406962256565,0.054308284017383704,0.0076803511806594026,0.15810645268054704,0.18897493977076593,0.05991651309543754,0.26034090909090907
0,No shift,Modular causal latent SCM,brier_score,50,0.1283349796613461,0.006737014597377998,0.0009527577413517482,0.12642034129734245,0.13024961802534976,0.11871278695187203,0.14289469461687987
0,No shift,Modular causal latent SCM,expected_calibration_error,50,0.037978790788119256,0.01390049965705707,0.0019658275138772665,0.034028312495764164,0.04192926908047435,0.02233262919103648,0.07668724077994096
0,No shift,Modular causal latent SCM,mean_posterior_entropy,50,0.39515060664298074,0.013138017004637759,0.0018579961830647064,0.39141682352281326,0.3988843897631482,0.3746986289928523,0.4189369026498337
0,No shift,Modular causal latent SCM,predicted_atrial_prevalence,50,0.49794000000000005,0.03980227149707076,0.005628891216441354,0.4866283195989452,0.5092516804010548,0.40590000000000004,0.5601
0,No shift,Modular causal latent SCM,accuracy_complete_case,50,0.824247215675454,0.011252456831550442,0.001591337706119642,0.8210493028273259,0.8274451285235821,0.8054820163123412,0.8462615835194015
0,No shift,Modular causal latent SCM,accuracy_any_missing,50,0.7793903900685472,0.030866981914296567,0.004365250445272324,0.7706180908698606,0.7881626892672338,0.7176352813852814,0.8330710955710956
0,No shift,Modular causal latent SCM,accuracy_electrical_missing,50,0.7869882662787425,0.0631454460365231,0.008930114618694937,0.7690425290762873,0.8049340034811977,0.6885185185185185,0.8892917547568711
0,No shift,Modular causal latent SCM,biomarker_missing_fraction,50,0.05493333333333334,0.003887884547990513,0.0005498299056708974,0.053828408770264,0.05603825789640268,0.04948333333333333,0.06225833333333333
0,No shift,Modular causal latent SCM,all_biomarkers_missing_rate,50,0.00026000000000000003,0.00048697315854455176,6.886840453253685e-05,0.0001216037596308149,0.00039839624036918514,0.0,0.001
0,No shift,Target oracle (reference),accuracy,50,0.8214199999999999,0.011728371322462057,0.0016586421788773512,0.81808683375007,0.8247531662499299,0.80045,0.8417749999999999
0,No shift,Target oracle (reference),adjusted_rand_index,50,0.41319529677000205,0.03011741539139066,0.0042592457310128866,0.4046360220201101,0.421754571519894,0.360444735537083,0.4667080964328406
0,No shift,Target oracle (reference),false_atrial_renal_competing,50,0.17255659272249071,0.030815281645823492,0.004357938923187029,0.1637989865775324,0.18131419886744904,0.10821584379655246,0.22831423895253683
0,No shift,Target oracle (reference),brier_score,50,0.12570282200673494,0.006368646142520486,0.0009006625748707567,0.1238928727992656,0.12751277121420426,0.11601357887580663,0.13760149392975585
0,No shift,Target oracle (reference),expected_calibration_error,50,0.02795848688132507,0.005648512255166457,0.000798820263848704,0.02635319746017767,0.02956377630247247,0.01910912379773607,0.039407654025486814
0,No shift,Target oracle (reference),mean_posterior_entropy,50,0.3964725987850099,0.007878696999107333,0.0011142160149965794,0.3942334978724599,0.3987116996975599,0.38455969640752297,0.409632981403172
0,No shift,Target oracle (reference),predicted_atrial_prevalence,50,0.49766,0.01644112563801209,0.00232512628579567,0.4929874837928667,0.5023325162071333,0.47022499999999995,0.5275500000000001
0,No shift,Target oracle (reference),accuracy_complete_case,50,0.8284492309452867,0.01131005397562831,0.0015994831723505297,0.8252349491699261,0.8316635127206472,0.806347375059806,0.8451112278270206
0,No shift,Target oracle (reference),accuracy_any_missing,50,0.7836267629539545,0.03126017959465827,0.004420856994498441,0.7747427182109209,0.7925108076969881,0.7246793084216397,0.8495408805031447
0,No shift,Target oracle (reference),accuracy_electrical_missing,50,0.7919467929324494,0.0543721225448816,0.007689379311798348,0.7764944066785656,0.8073991791863332,0.7043421052631579,0.8931080426356589
0,No shift,Target oracle (reference),biomarker_missing_fraction,50,0.05493333333333334,0.003887884547990513,0.0005498299056708974,0.053828408770264,0.05603825789640268,0.04948333333333333,0.06225833333333333
0,No shift,Target oracle (reference),all_biomarkers_missing_rate,50,0.00026000000000000003,0.00048697315854455176,6.886840453253685e-05,0.0001216037596308149,0.00039839624036918514,0.0,0.001
1,Mild shift,Pooled associative latent class model,accuracy,50,0.7903000000000001,0.013445657822721594,0.0019015031647920777,0.7864787863267111,0.7941212136732891,0.764675,0.81365
1,Mild shift,Pooled associative latent class model,adjusted_rand_index,50,0.33714181941827326,0.03116345543068813,0.0044071781320488635,0.32828526337849034,0.3459983754580562,0.27950141107490534,0.39290200161881655
1,Mild shift,Pooled associative latent class model,false_atrial_renal_competing,50,0.34884426345639896,0.056527300495015136,0.007994167500438977,0.3327793824060534,0.3649091445067445,0.24537952338923213,0.45471409121851597
1,Mild shift,Pooled associative latent class model,brier_score,50,0.14444206192704892,0.006907792912121207,0.0009769094422386547,0.1424788889030084,0.14640523495108945,0.1338584122957315,0.15539011154139196
1,Mild shift,Pooled associative latent class model,expected_calibration_error,50,0.03913800906789803,0.01316130594542231,0.001861289736655788,0.03539760730399175,0.042878410831804305,0.01911019126157374,0.07435914754022595
1,Mild shift,Pooled associative latent class model,mean_posterior_entropy,50,0.42432121198878675,0.013001793281671413,0.0018387312394111102,0.4206261432223302,0.4280162807552433,0.39976108172555563,0.4478955312895716
1,Mild shift,Pooled associative latent class model,predicted_atrial_prevalence,50,0.51754,0.039103843957402684,0.0055301186465480075,0.5064268105095104,0.5286531894904896,0.448125,0.57655
1,Mild shift,Pooled associative latent class model,accuracy_complete_case,50,0.8025892012088838,0.01619461846597526,0.002290264907203998,0.7979867415649006,0.807191660852867,0.7772216340009096,0.8276504132231405
1,Mild shift,Pooled associative latent class model,accuracy_any_missing,50,0.7558372626622472,0.027356630991240593,0.003868811856864857,0.7480625941575796,0.7636119311669147,0.7039128583176693,0.8104394470806685
1,Mild shift,Pooled associative latent class model,accuracy_electrical_missing,50,0.7494245657302581,0.048749311169296324,0.006894193701196506,0.7355701647883612,0.7632789666721549,0.6774181547619048,0.8510749113475177
1,Mild shift,Pooled associative latent class model,biomarker_missing_fraction,50,0.0953,0.004853523394648844,0.0006863918610007499,0.09392064391316583,0.09667935608683416,0.088,0.10385
1,Mild shift,Pooled associative latent class model,all_biomarkers_missing_rate,50,0.00092,0.0009441549509633318,0.00013352367366340485,0.0006516741318354961,0.0011883258681645039,0.0,0.002774999999999999
1,Mild shift,Target-calibrated associative latent model,accuracy,50,0.80728,0.011069428390750738,0.0015654535757917477,0.8041341032592135,0.8104258967407865,0.78745,0.829
1,Mild shift,Target-calibrated associative latent model,adjusted_rand_index,50,0.37754144869087314,0.02739299582252791,0.0038739546206248508,0.36975644541550307,0.3853264519662432,0.3298420030954049,0.4323970840355907
1,Mild shift,Target-calibrated associative latent model,false_atrial_renal_competing,50,0.18427655965691522,0.06864444810451446,0.009707790949102044,0.1647680233583724,0.20378509595545805,0.07507844767473046,0.3171090193183216
1,Mild shift,Target-calibrated associative latent model,brier_score,50,0.13457922311994788,0.006817031546239203,0.0009640738467816711,0.1326418441906915,0.13651660204920427,0.12449276913647526,0.14890430013486025
1,Mild shift,Target-calibrated associative latent model,expected_calibration_error,50,0.04475507635499014,0.01790034066949472,0.002531490454589812,0.03966785582441741,0.04984229688556287,0.019840490371831877,0.07876265377651336
1,Mild shift,Target-calibrated associative latent model,mean_posterior_entropy,50,0.40304550743119727,0.01304620990443138,0.0018450126984413057,0.39933781560022064,0.4067531992621739,0.3819536266182498,0.4256891969216798
1,Mild shift,Target-calibrated associative latent model,predicted_atrial_prevalence,50,0.49868,0.04924799384705111,0.006964718081816641,0.484683875009195,0.512676124990805,0.41635,0.58155
1,Mild shift,Target-calibrated associative latent model,accuracy_complete_case,50,0.8197369892748984,0.014197922260680897,0.00200788942185738,0.81570198441384,0.8237719941359567,0.7924139207700851,0.841119901210064
1,Mild shift,Target-calibrated associative latent model,accuracy_any_missing,50,0.7719163713076201,0.026801662227299582,0.0037903274215989762,0.7642994231805629,0.7795333194346774,0.722538748564868,0.8138030888030888
1,Mild shift,Target-calibrated associative latent model,accuracy_electrical_missing,50,0.773069595661064,0.04846669625006812,0.006854225916026357,0.759295512990528,0.7868436783316001,0.6870360480640855,0.8600918762088975
1,Mild shift,Target-calibrated associative latent model,biomarker_missing_fraction,50,0.0953,0.004853523394648844,0.0006863918610007499,0.09392064391316583,0.09667935608683416,0.088,0.10385
1,Mild shift,Target-calibrated associative latent model,all_biomarkers_missing_rate,50,0.00092,0.0009441549509633318,0.00013352367366340485,0.0006516741318354961,0.0011883258681645039,0.0,0.002774999999999999
1,Mild shift,Frozen causal latent SCM,accuracy,50,0.8116599999999998,0.011833211650231852,0.0016734688402189198,0.8082970384585885,0.8150229615414112,0.7892250000000001,0.831
1,Mild shift,Frozen causal latent SCM,adjusted_rand_index,50,0.38846513576296565,0.029524994737966496,0.004175464798742649,0.3800742250999076,0.3968560464260237,0.3339416592830126,0.4376857429241365
1,Mild shift,Frozen causal latent SCM,false_atrial_renal_competing,50,0.22520087531504693,0.04408668378874216,0.006234798613409323,0.21267157841305184,0.237730172217042,0.13838182570325427,0.28940896984470926
1,Mild shift,Frozen causal latent SCM,brier_score,50,0.13203280891901348,0.006348165168555684,0.0008977661277555934,0.13022868033994242,0.13383693749808453,0.12185036277785231,0.14392149562926426
1,Mild shift,Frozen causal latent SCM,expected_calibration_error,50,0.0378159115253248,0.011016936868827334,0.0015580301535703795,0.034684932710009095,0.0409468903406405,0.02175768645159203,0.0641934248658918
1,Mild shift,Frozen causal latent SCM,mean_posterior_entropy,50,0.40535055980511275,0.01294910402139655,0.0018312798527638987,0.4016704651607447,0.4090306544494808,0.3843721784252207,0.42824996670742305
1,Mild shift,Frozen causal latent SCM,predicted_atrial_prevalence,50,0.51534,0.03473962038494082,0.0049129242300076145,0.5054671091254845,0.5252128908745155,0.43625,0.577
1,Mild shift,Frozen causal latent SCM,accuracy_complete_case,50,0.8252381566363831,0.013451583576374162,0.001902341192910352,0.8214152588825395,0.8290610543902267,0.7978304495022774,0.8479030223390276
1,Mild shift,Frozen causal latent SCM,accuracy_any_missing,50,0.7730857488492792,0.025522111228447636,0.0036093715839665298,0.7658324450925421,0.7803390526060162,0.7378790155157343,0.8124260575801155
1,Mild shift,Frozen causal latent SCM,accuracy_electrical_missing,50,0.7737236732825794,0.043766080269607176,0.006189458428918799,0.7612854908925833,0.7861618556725755,0.6968407151564404,0.8608075435203094
1,Mild shift,Frozen causal latent SCM,biomarker_missing_fraction,50,0.0953,0.004853523394648844,0.0006863918610007499,0.09392064391316583,0.09667935608683416,0.088,0.10385
1,Mild shift,Frozen causal latent SCM,all_biomarkers_missing_rate,50,0.00092,0.0009441549509633318,0.00013352367366340485,0.0006516741318354961,0.0011883258681645039,0.0,0.002774999999999999
1,Mild shift,Modular causal latent SCM,accuracy,50,0.8112,0.011967643452071821,0.0016924803679565534,0.8077988333632271,0.814601166636773,0.7869,0.83255
1,Mild shift,Modular causal latent SCM,adjusted_rand_index,50,0.3873310363516489,0.02972186284826568,0.0042033061539010355,0.37888417639069644,0.39577789631260135,0.32859812744899647,0.44180233972378835
1,Mild shift,Modular causal latent SCM,false_atrial_renal_competing,50,0.18209728374892012,0.04869569785117054,0.006886611633034776,0.16825811954344727,0.19593644795439297,0.08748157248157248,0.2618598382749326
1,Mild shift,Modular causal latent SCM,brier_score,50,0.13185471008385063,0.006714088425978623,0.0009495154910991194,0.12994658726566724,0.13376283290203403,0.12277731037429142,0.14531612487304796
1,Mild shift,Modular causal latent SCM,expected_calibration_error,50,0.03801039762638638,0.01308701365982919,0.0018507832208692393,0.03429110949643326,0.0417296857563395,0.021876450392803382,0.06831068375543041
1,Mild shift,Modular causal latent SCM,mean_posterior_entropy,50,0.40531176609804015,0.0126852195308103,0.0017939609502151995,0.4017066665961108,0.4089168655999695,0.38508592960480514,0.42831673255176567
1,Mild shift,Modular causal latent SCM,predicted_atrial_prevalence,50,0.49896,0.03852799671164134,0.005448681548066919,0.4880104644860017,0.5099095355139983,0.41357499999999997,0.562425
1,Mild shift,Modular causal latent SCM,accuracy_complete_case,50,0.8245660538965717,0.013318881605893012,0.0018835743002695445,0.8207808696254569,0.8283512381676864,0.7980153315972944,0.8482470006881481
1,Mild shift,Modular causal latent SCM,accuracy_any_missing,50,0.773256442012572,0.026812585692390953,0.003791872232847009,0.7656363894710847,0.7808764945540594,0.7315805288461538,0.8129924149743089
1,Mild shift,Modular causal latent SCM,accuracy_electrical_missing,50,0.7731881405867437,0.04451330216940503,0.00629513156339843,0.7605376000824675,0.7858386810910198,0.6851668891855808,0.8513903518011375
1,Mild shift,Modular causal latent SCM,biomarker_missing_fraction,50,0.0953,0.004853523394648844,0.0006863918610007499,0.09392064391316583,0.09667935608683416,0.088,0.10385
1,Mild shift,Modular causal latent SCM,all_biomarkers_missing_rate,50,0.00092,0.0009441549509633318,0.00013352367366340485,0.0006516741318354961,0.0011883258681645039,0.0,0.002774999999999999
1,Mild shift,Target oracle (reference),accuracy,50,0.816,0.012458912063094334,0.0017619562412041765,0.8124592163687707,0.8195407836312292,0.7942250000000001,0.8357749999999999
1,Mild shift,Target oracle (reference),adjusted_rand_index,50,0.3994315909306288,0.03145552548211915,0.004448483074838539,0.3904920295006447,0.4083711523606129,0.3456198961094281,0.45043013286178196
1,Mild shift,Target oracle (reference),false_atrial_renal_competing,50,0.17898531546346647,0.02840659545333084,0.0040172992550946375,0.17091225036029054,0.1870583805666424,0.13151623376623375,0.22644123473507358
1,Mild shift,Target oracle (reference),brier_score,50,0.1295077777434218,0.0064286251328767785,0.0009091448850326881,0.12768078269549737,0.1313347727913462,0.11967490108476168,0.14089976262121526
1,Mild shift,Target oracle (reference),expected_calibration_error,50,0.029660974398843302,0.005932948433323259,0.0008390456139265958,0.027974849110274515,0.03134709968741209,0.018861218386194943,0.040082363433254796
1,Mild shift,Target oracle (reference),mean_posterior_entropy,50,0.4064954292781191,0.007576325132665392,0.0010714541755563534,0.4043422614992023,0.4086485970570359,0.39334238441294017,0.41963080362921806
1,Mild shift,Target oracle (reference),predicted_atrial_prevalence,50,0.4970800000000001,0.015707582986102808,0.002221387689104747,0.49261595430791144,0.5015440456920888,0.46935,0.524775
1,Mild shift,Target oracle (reference),accuracy_complete_case,50,0.828515580863236,0.01297777397322857,0.0018353343962352411,0.82482733830871,0.8322038234177619,0.8038088896923702,0.8491724985995687
1,Mild shift,Target oracle (reference),accuracy_any_missing,50,0.7805521043801233,0.03023042798602879,0.004275228125418509,0.7719607118062038,0.7891434969540428,0.7378790155157343,0.8317337568662265
1,Mild shift,Target oracle (reference),accuracy_electrical_missing,50,0.7840987831492798,0.04552319324098852,0.006437951728393717,0.7711612347780664,0.7970363315204932,0.6960675883256529,0.870595079787234
1,Mild shift,Target oracle (reference),biomarker_missing_fraction,50,0.0953,0.004853523394648844,0.0006863918610007499,0.09392064391316583,0.09667935608683416,0.088,0.10385
1,Mild shift,Target oracle (reference),all_biomarkers_missing_rate,50,0.00092,0.0009441549509633318,0.00013352367366340485,0.0006516741318354961,0.0011883258681645039,0.0,0.002774999999999999
2,Moderate shift,Pooled associative latent class model,accuracy,50,0.76814,0.01396936882275369,0.0019755670846930144,0.7641699493073134,0.7721100506926867,0.74545,0.7935500000000001
2,Moderate shift,Pooled associative latent class model,adjusted_rand_index,50,0.2876477981138192,0.03010119418039072,0.004256951705353463,0.27909313338108577,0.2962024628465526,0.24022682791839345,0.3440143232521608
2,Moderate shift,Pooled associative latent class model,false_atrial_renal_competing,50,0.39383978771711026,0.05079297671746517,0.007183211654714009,0.37940458345273886,0.40827499198148165,0.29711579729283594,0.4741477540258028
2,Moderate shift,Pooled associative latent class model,brier_score,50,0.15719211110211445,0.007467683749803394,0.001056089963848513,0.15506981886258375,0.15931440334164515,0.14576859020569455,0.17116302216219922
2,Moderate shift,Pooled associative latent class model,expected_calibration_error,50,0.05004353174116516,0.015611050943873378,0.0022077359967723038,0.0456069201519327,0.05448014333039762,0.027438167911041346,0.08149441228330798
2,Moderate shift,Pooled associative latent class model,mean_posterior_entropy,50,0.4361090203875484,0.012415499870042503,0.0017558168299855507,0.4325805743650747,0.4396374664100221,0.41596206757464027,0.4577043344708844
2,Moderate shift,Pooled associative latent class model,predicted_atrial_prevalence,50,0.54058,0.040149765546879435,0.005678034296249692,0.529169562882686,0.5519904371173139,0.47822499999999996,0.599525
2,Moderate shift,Pooled associative latent class model,accuracy_complete_case,50,0.7944285883114013,0.015617324361471514,0.002208623191997275,0.7899901938366142,0.7988669827861884,0.7660530366056573,0.8261485280999108
2,Moderate shift,Pooled associative latent class model,accuracy_any_missing,50,0.7317752482077928,0.023286555466066654,0.003293216256106479,0.7251572823690098,0.7383932140465759,0.6899855310387044,0.7682923722858548
2,Moderate shift,Pooled associative latent class model,accuracy_electrical_missing,50,0.712987600491776,0.0362886396955078,0.0051319886417457794,0.7026744832000952,0.7233007177834568,0.6512304599493952,0.7854513184584178
2,Moderate shift,Pooled associative latent class model,biomarker_missing_fraction,50,0.16598,0.005957297017532534,0.0008424890237279299,0.16428695492036316,0.16767304507963682,0.1559333333333333,0.17625833333333335
2,Moderate shift,Pooled associative latent class model,all_biomarkers_missing_rate,50,0.004860000000000001,0.002213225552658105,0.0003129973593159781,0.004231008257431768,0.005488991742568233,0.001,0.01
2,Moderate shift,Target-calibrated associative latent model,accuracy,50,0.79408,0.013780850363264742,0.001948906548476319,0.790163525660703,0.797996474339297,0.772,0.8150999999999999
2,Moderate shift,Target-calibrated associative latent model,adjusted_rand_index,50,0.3460202359454419,0.03238131214151671,0.00457940907979695,0.33681756885799713,0.35522290303288667,0.295227052123342,0.39656390118088786
2,Moderate shift,Target-calibrated associative latent model,false_atrial_renal_competing,50,0.19489321443220547,0.07250774977266607,0.010254144310565904,0.17428673994774255,0.2154996889166684,0.08686718589874975,0.3257509265498652
2,Moderate shift,Target-calibrated associative latent model,brier_score,50,0.1428520250943951,0.007540529424103578,0.0010663918979040663,0.14070903034329182,0.14499501984549837,0.13223556993488506,0.15604804231623415
2,Moderate shift,Target-calibrated associative latent model,expected_calibration_error,50,0.04942016276101037,0.021213619379850397,0.0030000588234005156,0.04339131883957361,0.05544900668244713,0.020598909337990516,0.09089487608463817
2,Moderate shift,Target-calibrated associative latent model,mean_posterior_entropy,50,0.420807590012385,0.012379041820128434,0.0017506608831209356,0.41728950525305436,0.4243256747717156,0.3976906380692025,0.44260518248187924
2,Moderate shift,Target-calibrated associative latent model,predicted_atrial_prevalence,50,0.49668,0.06039476933696581,0.008541110189273178,0.4795159964660444,0.5138440035339557,0.3886,0.5927749999999999
2,Moderate shift,Target-calibrated associative latent model,accuracy_complete_case,50,0.817927833842265,0.01843977922777366,0.002607778587108319,0.8126873065696962,0.8231683611148337,0.7836719742974156,0.8462640340689122
2,Moderate shift,Target-calibrated associative latent model,accuracy_any_missing,50,0.7610120970949229,0.017932162112140132,0.002535990686166154,0.755915833010413,0.7661083611794328,0.7270646367521367,0.7848068460212322
2,Moderate shift,Target-calibrated associative latent model,accuracy_electrical_missing,50,0.7577264509624506,0.029237494784471452,0.004134806165401216,0.7494172468821311,0.7660356550427702,0.7116448189762796,0.8064616509587261
2,Moderate shift,Target-calibrated associative latent model,biomarker_missing_fraction,50,0.16598,0.005957297017532534,0.0008424890237279299,0.16428695492036316,0.16767304507963682,0.1559333333333333,0.17625833333333335
2,Moderate shift,Target-calibrated associative latent model,all_biomarkers_missing_rate,50,0.004860000000000001,0.002213225552658105,0.0003129973593159781,0.004231008257431768,0.005488991742568233,0.001,0.01
2,Moderate shift,Frozen causal latent SCM,accuracy,50,0.79478,0.012777994477113485,0.0018070813089462396,0.7911485341500626,0.7984114658499375,0.774,0.8188749999999999
2,Moderate shift,Frozen causal latent SCM,adjusted_rand_index,50,0.34756842467501764,0.030236844799042917,0.004276135599817687,0.3389752084630172,0.35616164088701807,0.2995930956375571,0.4061482581512811
2,Moderate shift,Frozen causal latent SCM,false_atrial_renal_competing,50,0.2896166764400004,0.04460436080891971,0.006308009199695721,0.27694025735670846,0.3022930955232923,0.19930058814178986,0.36784338896020535
2,Moderate shift,Frozen causal latent SCM,brier_score,50,0.14226990919510749,0.006583013963380631,0.0009309787628304349,0.14039903732703024,0.14414078106318473,0.131201871575192,0.15321925374519307
2,Moderate shift,Frozen causal latent SCM,expected_calibration_error,50,0.04601882987209851,0.015472654200872814,0.0021881637416783376,0.04162155020203766,0.05041610954215936,0.02430217557327345,0.07860389804028271
2,Moderate shift,Frozen causal latent SCM,mean_posterior_entropy,50,0.42185793925097287,0.01305036625642954,0.0018456004953778852,0.418149066197828,0.42556681230411775,0.40003997624554116,0.44674765479895195
2,Moderate shift,Frozen causal latent SCM,predicted_atrial_prevalence,50,0.54054,0.03499458267112968,0.004948981342309809,0.5305946496454796,0.5504853503545204,0.460825,0.599775
2,Moderate shift,Frozen causal latent SCM,accuracy_complete_case,50,0.8209802930781533,0.015481016817485886,0.0021893463942614507,0.8165806367787474,0.8253799493775593,0.7952461322713748,0.8520483707328718
2,Moderate shift,Frozen causal latent SCM,accuracy_any_missing,50,0.758421743076788,0.019179596961768037,0.0027124046144182167,0.7529709619305781,0.7638725242229979,0.7245502849590651,0.7940205242836821
2,Moderate shift,Frozen causal latent SCM,accuracy_electrical_missing,50,0.7516285210219655,0.034088032676179415,0.0048207758125270155,0.7419408093253597,0.7613162327185714,0.6894869801787796,0.8193069548261294
2,Moderate shift,Frozen causal latent SCM,biomarker_missing_fraction,50,0.16598,0.005957297017532534,0.0008424890237279299,0.16428695492036316,0.16767304507963682,0.1559333333333333,0.17625833333333335
2,Moderate shift,Frozen causal latent SCM,all_biomarkers_missing_rate,50,0.004860000000000001,0.002213225552658105,0.0003129973593159781,0.004231008257431768,0.005488991742568233,0.001,0.01
2,Moderate shift,Modular causal latent SCM,accuracy,50,0.7996800000000001,0.011105137623309889,0.0015705036238904564,0.7965239548076081,0.802836045192392,0.778,0.81655
2,Moderate shift,Modular causal latent SCM,adjusted_rand_index,50,0.35907476313465303,0.026655894025969115,0.0037697126848705484,0.3514992418720452,0.3666502843972609,0.3084564046161904,0.40022360606266894
2,Moderate shift,Modular causal latent SCM,false_atrial_renal_competing,50,0.19384658407764302,0.04571861021262826,0.006465587861554798,0.18085349881757912,0.20683966933770692,0.11395280483708431,0.2699245892809049
2,Moderate shift,Modular causal latent SCM,brier_score,50,0.1393825425460238,0.006525669677826427,0.0009228690561948999,0.1375279677435817,0.14123711734846592,0.1299000387515754,0.15346065404954923
2,Moderate shift,Modular causal latent SCM,expected_calibration_error,50,0.03918002926057657,0.01312426542042032,0.0018560514153742646,0.035450154297401774,0.04290990422375137,0.02366785840808783,0.06466341150927643
2,Moderate shift,Modular causal latent SCM,mean_posterior_entropy,50,0.4238977943460804,0.012434946230289092,0.0017585669606255026,0.42036382172917375,0.427431766962987,0.40443768986390843,0.44433815590177583
2,Moderate shift,Modular causal latent SCM,predicted_atrial_prevalence,50,0.49912,0.042392067028381344,0.00599514361285662,0.48707230785256983,0.5111676921474302,0.41445,0.57195
2,Moderate shift,Modular causal latent SCM,accuracy_complete_case,50,0.8251976475796213,0.014112085505677411,0.001995750271549777,0.821187037254421,0.8292082579048217,0.8037647734874864,0.8501350174216028
2,Moderate shift,Modular causal latent SCM,accuracy_any_missing,50,0.7643586506525422,0.01919022489629818,0.0027139076313334705,0.7589048490807584,0.7698124522243259,0.7306962077539165,0.788033701595804
2,Moderate shift,Modular causal latent SCM,accuracy_electrical_missing,50,0.7583807434266089,0.029072831540955562,0.004111519266180764,0.7501183361223123,0.7666431507309055,0.7067791411042945,0.8051381215469614
2,Moderate shift,Modular causal latent SCM,biomarker_missing_fraction,50,0.16598,0.005957297017532534,0.0008424890237279299,0.16428695492036316,0.16767304507963682,0.1559333333333333,0.17625833333333335
2,Moderate shift,Modular causal latent SCM,all_biomarkers_missing_rate,50,0.004860000000000001,0.002213225552658105,0.0003129973593159781,0.004231008257431768,0.005488991742568233,0.001,0.01
2,Moderate shift,Target oracle (reference),accuracy,50,0.80392,0.01173141604619745,0.0016590727678373785,0.8005859684491585,0.8072540315508414,0.7842250000000001,0.8251
2,Moderate shift,Target oracle (reference),adjusted_rand_index,50,0.36937805890651887,0.02852191450182489,0.004033607831332661,0.36127222049238217,0.37748389732065557,0.3224590053139132,0.4221935769072484
2,Moderate shift,Target oracle (reference),false_atrial_renal_competing,50,0.19327211472178715,0.024341380222049343,0.00344239100369024,0.18635437100425478,0.20018985843931952,0.1505829756795422,0.23703457446808512
2,Moderate shift,Target oracle (reference),brier_score,50,0.13687530024115266,0.006248242576211563,0.0008836349392275399,0.1350995693486188,0.13865103113368651,0.12624278783951481,0.1482902962755178
2,Moderate shift,Target oracle (reference),expected_calibration_error,50,0.02984130309377973,0.005930790540783207,0.0008387404418369674,0.028155791071485324,0.031526815116074136,0.017207640099645802,0.04018050268764718
2,Moderate shift,Target oracle (reference),mean_posterior_entropy,50,0.4255980094205691,0.007677006551851398,0.0010856926784055356,0.4234162282989128,0.42777979054222537,0.4112556783217858,0.4375441092396932
2,Moderate shift,Target oracle (reference),predicted_atrial_prevalence,50,0.50064,0.01574640872564606,0.00222687847784787,0.49616492015482083,0.5051150798451791,0.47545,0.5281
2,Moderate shift,Target oracle (reference),accuracy_complete_case,50,0.8286136707709564,0.013097605710554757,0.0018522811630481836,0.8248913724134938,0.832335969128419,0.8031786941580756,0.851287823216578
2,Moderate shift,Target oracle (reference),accuracy_any_missing,50,0.7697312317312449,0.020482952535129235,0.002896726927262413,0.7639100410294929,0.7755524224329969,0.7317516829219524,0.8034072698561235
2,Moderate shift,Target oracle (reference),accuracy_electrical_missing,50,0.7654024186028177,0.030806961403652727,0.004356762263255017,0.7566471770445212,0.7741576601611141,0.7131111111111111,0.8174042812391228
2,Moderate shift,Target oracle (reference),biomarker_missing_fraction,50,0.16598,0.005957297017532534,0.0008424890237279299,0.16428695492036316,0.16767304507963682,0.1559333333333333,0.17625833333333335
2,Moderate shift,Target oracle (reference),all_biomarkers_missing_rate,50,0.004860000000000001,0.002213225552658105,0.0003129973593159781,0.004231008257431768,0.005488991742568233,0.001,0.01
3,Strong shift,Pooled associative latent class model,accuracy,50,0.7314400000000001,0.014040989557545522,0.001985695786141988,0.7274495949196973,0.7354304050803029,0.71,0.759425
3,Strong shift,Pooled associative latent class model,adjusted_rand_index,50,0.21424259704797485,0.026061216937133504,0.0036856126444441612,0.20683608114404944,0.22164911295190026,0.17553902169800045,0.26850782394118616
3,Strong shift,Pooled associative latent class model,false_atrial_renal_competing,50,0.4471759400807523,0.06141143475274931,0.008684888391212849,0.4297230034325398,0.4646288767289648,0.3243481574071028,0.5562996515679443
3,Strong shift,Pooled associative latent class model,brier_score,50,0.177297295846405,0.008374193078586181,0.001184289742566748,0.17491737650615669,0.1796772151866533,0.16357653919839937,0.19516439329428814
3,Strong shift,Pooled associative latent class model,expected_calibration_error,50,0.07035764625929503,0.020307662674013603,0.0028719371973687908,0.06458627238487236,0.0761290201337177,0.03155495140007414,0.10767292659729144
3,Strong shift,Pooled associative latent class model,mean_posterior_entropy,50,0.45350043278112623,0.012997931696508857,0.0018381851288001955,0.4498064614650301,0.45719440409722234,0.4254083985051185,0.47781741253054166
3,Strong shift,Pooled associative latent class model,predicted_atrial_prevalence,50,0.5697199999999999,0.048480604158692535,0.006856192791326445,0.5559419647455662,0.5834980352544336,0.4834,0.6475500000000001
3,Strong shift,Pooled associative latent class model,accuracy_complete_case,50,0.7777757069935428,0.024091597372844355,0.003407066374390851,0.7709289507763113,0.7846224632107743,0.7209060119970344,0.8146360616128059
3,Strong shift,Pooled associative latent class model,accuracy_any_missing,50,0.7016996041637933,0.01884502089657744,0.00266508841351442,0.6963439084832347,0.7070552998443519,0.6596735668789809,0.7383489461358314
3,Strong shift,Pooled associative latent class model,accuracy_electrical_missing,50,0.6736807926069468,0.026295255272588906,0.0037187106632557867,0.6662077637440196,0.681153821469874,0.627724021204573,0.7158180919426594
3,Strong shift,Pooled associative latent class model,biomarker_missing_fraction,50,0.2685466666666667,0.008338572502726111,0.0011792522324186629,0.2661768705820688,0.27091646275126463,0.25440833333333335,0.28362499999999996
3,Strong shift,Pooled associative latent class model,all_biomarkers_missing_rate,50,0.019440000000000002,0.0040866132877072315,0.000577934393564967,0.01827859735400654,0.020601402645993465,0.011224999999999999,0.025775
3,Strong shift,Target-calibrated associative latent model,accuracy,50,0.7708399999999999,0.014835643785512397,0.0020980768648007756,0.7666237566869025,0.7750562433130972,0.7419,0.799875
3,Strong shift,Target-calibrated associative latent model,adjusted_rand_index,50,0.2935731513138746,0.03201717492082099,0.004527912300189677,0.28447397087952053,0.3026723317482287,0.23335035784350014,0.3590781932372573
3,Strong shift,Target-calibrated associative latent model,false_atrial_renal_competing,50,0.24112865421062427,0.0867573892056993,0.01226934764507811,0.21647247700734534,0.2657848314139032,0.12029464200439335,0.4199927478902953
3,Strong shift,Target-calibrated associative latent model,brier_score,50,0.15436834657445303,0.009254128043425566,0.001308731338694963,0.15173835248415662,0.15699834066474944,0.14152987605734357,0.17396389424634207
3,Strong shift,Target-calibrated associative latent model,expected_calibration_error,50,0.04871266147870292,0.023627850362667225,0.0033414826432606043,0.04199770070350926,0.05542762225389659,0.021398152539233314,0.09662294024894687
3,Strong shift,Target-calibrated associative latent model,mean_posterior_entropy,50,0.447570438630632,0.013322098502631644,0.0018840292381691972,0.4437843401275797,0.4513565371336843,0.42209612342094577,0.471352982485289
3,Strong shift,Target-calibrated associative latent model,predicted_atrial_prevalence,50,0.50932,0.06620729351276726,0.009363125241377168,0.4905040953727887,0.5281359046272113,0.3956,0.623375
3,Strong shift,Target-calibrated associative latent model,accuracy_complete_case,50,0.8125311091770692,0.02751560328689893,0.003891293934521018,0.8047112612458646,0.8203509571082738,0.7541344287575443,0.8551016746411483
3,Strong shift,Target-calibrated associative latent model,accuracy_any_missing,50,0.7441401432919111,0.01624853912296713,0.002297890439644995,0.7395223595667645,0.7487579270170578,0.7119992063360836,0.7728891720622676
3,Strong shift,Target-calibrated associative latent model,accuracy_electrical_missing,50,0.7325434641836253,0.023372466811530337,0.0033053659550981254,0.72590108261061,0.7391858457566405,0.6933720450797141,0.780610523464148
3,Strong shift,Target-calibrated associative latent model,biomarker_missing_fraction,50,0.2685466666666667,0.008338572502726111,0.0011792522324186629,0.2661768705820688,0.27091646275126463,0.25440833333333335,0.28362499999999996
3,Strong shift,Target-calibrated associative latent model,all_biomarkers_missing_rate,50,0.019440000000000002,0.0040866132877072315,0.000577934393564967,0.01827859735400654,0.020601402645993465,0.011224999999999999,0.025775
3,Strong shift,Frozen causal latent SCM,accuracy,50,0.7622599999999999,0.012452046795115869,0.0017609853456957293,0.7587211674563423,0.7657988325436575,0.741225,0.789975
3,Strong shift,Frozen causal latent SCM,adjusted_rand_index,50,0.2750039334757137,0.026431324095462706,0.0037379537007282138,0.26749223428119473,0.2825156326702327,0.23201216763772295,0.33573770905343847
3,Strong shift,Frozen causal latent SCM,false_atrial_renal_competing,50,0.3595168202991136,0.05338522041935409,0.007549810274732764,0.3443449085259867,0.37468873207224046,0.25385631229235883,0.44930256157095055
3,Strong shift,Frozen causal latent SCM,brier_score,50,0.16015353800730808,0.00692172543181986,0.0009788797980702414,0.15818640540498005,0.1621206706096361,0.14747946666136544,0.17531716310497789
3,Strong shift,Frozen causal latent SCM,expected_calibration_error,50,0.06496423274507994,0.02029599196502653,0.002870286709875588,0.0591961756494528,0.07073228984070708,0.03328768393669397,0.10317999460624755
3,Strong shift,Frozen causal latent SCM,mean_posterior_entropy,50,0.44352714862255466,0.012457192042498693,0.0017617129935587849,0.4399868538157701,0.44706744342933924,0.41867560256007,0.4657467769689318
3,Strong shift,Frozen causal latent SCM,predicted_atrial_prevalence,50,0.57102,0.04265690842917116,0.006032597842944105,0.5588970407592603,0.5831429592407397,0.485375,0.6445500000000001
3,Strong shift,Frozen causal latent SCM,accuracy_complete_case,50,0.806342352714656,0.02109087806786669,0.0029827005805934327,0.8003483914881244,0.8123363139411877,0.7619601334501583,0.8401319952541032
3,Strong shift,Frozen causal latent SCM,accuracy_any_missing,50,0.7340742019858952,0.018113633782354012,0.0025616546558864506,0.728926364223349,0.7392220397484415,0.703837417957257,0.764652240421152
3,Strong shift,Frozen causal latent SCM,accuracy_electrical_missing,50,0.7164934202279943,0.024605057133747707,0.003479680550151088,0.7095007403612905,0.7234861000946982,0.6715399074056361,0.7606967213114754
3,Strong shift,Frozen causal latent SCM,biomarker_missing_fraction,50,0.2685466666666667,0.008338572502726111,0.0011792522324186629,0.2661768705820688,0.27091646275126463,0.25440833333333335,0.28362499999999996
3,Strong shift,Frozen causal latent SCM,all_biomarkers_missing_rate,50,0.019440000000000002,0.0040866132877072315,0.000577934393564967,0.01827859735400654,0.020601402645993465,0.011224999999999999,0.025775
3,Strong shift,Modular causal latent SCM,accuracy,50,0.77616,0.012005712925817572,0.001697864204564918,0.7727480141384981,0.7795719858615018,0.755225,0.7986500000000001
3,Strong shift,Modular causal latent SCM,adjusted_rand_index,50,0.304928472643424,0.02666810868312891,0.00377144009825206,0.2973494800136604,0.31250746527318757,0.2598370739855896,0.3561492294546986
3,Strong shift,Modular causal latent SCM,false_atrial_renal_competing,50,0.22599276709303087,0.05824325291416269,0.008236839818793517,0.20944021776098332,0.24254531642507843,0.12784256000350866,0.3285752427184466
3,Strong shift,Modular causal latent SCM,brier_score,50,0.1510155071166376,0.006473024580646156,0.000915423915152421,0.14917589388527142,0.1528551203480038,0.1419133807383494,0.16423111402757612
3,Strong shift,Modular causal latent SCM,expected_calibration_error,50,0.04211405692109434,0.01543221899944675,0.002182445340652935,0.037728268808130114,0.04649984503405856,0.022946013123650046,0.0793735055479043
3,Strong shift,Modular causal latent SCM,mean_posterior_entropy,50,0.450694098283649,0.011641629414111506,0.001646375020555804,0.4473855838113119,0.4540026127559861,0.43160934403875784,0.4715659936622932
3,Strong shift,Modular causal latent SCM,predicted_atrial_prevalence,50,0.5054400000000001,0.05194744597049158,0.007346478262211277,0.4906766992041521,0.5202033007958481,0.40392500000000003,0.589425
3,Strong shift,Modular causal latent SCM,accuracy_complete_case,50,0.8198461835511489,0.020203197153169816,0.0028571635417310257,0.8141044984492578,0.82558786865304,0.7841370750312356,0.8560897950984331
3,Strong shift,Modular causal latent SCM,accuracy_any_missing,50,0.7482902002671662,0.016423087622686863,0.0023225753252045472,0.7436228104072677,0.7529575901270646,0.717808798646362,0.777071433348008
3,Strong shift,Modular causal latent SCM,accuracy_electrical_missing,50,0.7360062719783339,0.02232406477548692,0.003157099517278908,0.7296618429672576,0.7423507009894103,0.6992146858743498,0.7758290317091157
3,Strong shift,Modular causal latent SCM,biomarker_missing_fraction,50,0.2685466666666667,0.008338572502726111,0.0011792522324186629,0.2661768705820688,0.27091646275126463,0.25440833333333335,0.28362499999999996
3,Strong shift,Modular causal latent SCM,all_biomarkers_missing_rate,50,0.019440000000000002,0.0040866132877072315,0.000577934393564967,0.01827859735400654,0.020601402645993465,0.011224999999999999,0.025775
3,Strong shift,Target oracle (reference),accuracy,50,0.7820800000000001,0.011009902778120872,0.0015570353829227753,0.7789510202511445,0.7852089797488557,0.760125,0.8036500000000001
3,Strong shift,Target oracle (reference),adjusted_rand_index,50,0.3180693171181893,0.024897759546485092,0.0035210749223343416,0.31099345214618945,0.32514518209018917,0.26994824724256594,0.3682061980499792
3,Strong shift,Target oracle (reference),false_atrial_renal_competing,50,0.21657896784451913,0.020416478211509975,0.0028873260382612197,0.21077666893651092,0.22238126675252734,0.18201486013986015,0.25056417832905803
3,Strong shift,Target oracle (reference),brier_score,50,0.1479061963182086,0.005661017763999166,0.0008005888098682634,0.14629735287077456,0.14951503976564262,0.13844459496440809,0.1586432741036808
3,Strong shift,Target oracle (reference),expected_calibration_error,50,0.029472274535264856,0.006107617103270348,0.0008637474941226803,0.027736508959943486,0.031208040110586227,0.01968832351373044,0.039206609516068296
3,Strong shift,Target oracle (reference),mean_posterior_entropy,50,0.4526189753460994,0.007600338110848479,0.0010748501234983025,0.4504589831542919,0.4547789675379069,0.44006268194555226,0.46444138017741504
3,Strong shift,Target oracle (reference),predicted_atrial_prevalence,50,0.5074400000000001,0.01662695132019343,0.002351406005793479,0.5027146727183206,0.5121653272816796,0.479025,0.537325
3,Strong shift,Target oracle (reference),accuracy_complete_case,50,0.8264459346858228,0.01791184255828511,0.0025331170673018395,0.8213554453546236,0.8315364240170221,0.7933427318295739,0.8611926784783741
3,Strong shift,Target oracle (reference),accuracy_any_missing,50,0.7537639481978483,0.015169142322497936,0.002145240680204429,0.7494529256492272,0.7580749707464695,0.7282053130308744,0.7781602901125788
3,Strong shift,Target oracle (reference),accuracy_electrical_missing,50,0.7423391816307913,0.022297419485114905,0.003153331304177161,0.7360023251274525,0.7486760381341301,0.7085265924551639,0.7875161829437657
3,Strong shift,Target oracle (reference),biomarker_missing_fraction,50,0.2685466666666667,0.008338572502726111,0.0011792522324186629,0.2661768705820688,0.27091646275126463,0.25440833333333335,0.28362499999999996
3,Strong shift,Target oracle (reference),all_biomarkers_missing_rate,50,0.019440000000000002,0.0040866132877072315,0.000577934393564967,0.01827859735400654,0.020601402645993465,0.011224999999999999,0.025775
