shift_index,shift,comparator,metric,difference_definition,repeat_count,mean_difference,ci95_low,ci95_high
0,No shift,Pooled associative latent class model,accuracy,modular causal minus comparator,500,0.01286799999999997,0.01204150704555054,0.013694492954449399
0,No shift,Pooled associative latent class model,adjusted_rand_index,modular causal minus comparator,500,0.03173829264856827,0.029706793917553796,0.03376979137958275
0,No shift,Pooled associative latent class model,false_atrial_renal_competing,modular causal minus comparator,500,-0.12871553991085982,-0.13333221762219685,-0.12409886219952278
0,No shift,Pooled associative latent class model,brier_score,modular causal minus comparator,500,-0.008283982080277273,-0.00858459210204998,-0.007983372058504567
0,No shift,Pooled associative latent class model,expected_calibration_error,modular causal minus comparator,500,-0.001043309500928214,-0.0020689379048627293,-1.7681096993698523e-05
0,No shift,Pooled associative latent class model,accuracy_any_missing,modular causal minus comparator,500,0.011210596484240788,0.009191133254320066,0.01323005971416151
0,No shift,Target-calibrated associative latent model,accuracy,modular causal minus comparator,500,0.002989999999999992,0.002466031888311137,0.0035139681116888467
0,No shift,Target-calibrated associative latent model,adjusted_rand_index,modular causal minus comparator,500,0.007442878405144618,0.006133653796004451,0.008752103014284786
0,No shift,Target-calibrated associative latent model,false_atrial_renal_competing,modular causal minus comparator,500,-0.005794515700208564,-0.010080891199410878,-0.0015081402010062488
0,No shift,Target-calibrated associative latent model,brier_score,modular causal minus comparator,500,-0.0019602717864872646,-0.0022024346976125607,-0.0017181088753619683
0,No shift,Target-calibrated associative latent model,expected_calibration_error,modular causal minus comparator,500,-0.004004450264701189,-0.0049146838536591655,-0.0030942166757432117
0,No shift,Target-calibrated associative latent model,accuracy_any_missing,modular causal minus comparator,500,0.0018720045662369328,0.000776223178628454,0.0029677859538454116
0,No shift,Frozen causal latent SCM,accuracy,modular causal minus comparator,500,-0.0007859999999999994,-0.0011326322866460304,-0.0004393677133539683
0,No shift,Frozen causal latent SCM,adjusted_rand_index,modular causal minus comparator,500,-0.0019835903733790706,-0.002860019336213877,-0.001107161410544264
0,No shift,Frozen causal latent SCM,false_atrial_renal_competing,modular causal minus comparator,500,-0.0032253814654109405,-0.006615493925729645,0.0001647309949077639
0,No shift,Frozen causal latent SCM,brier_score,modular causal minus comparator,500,0.000660009220715402,0.0005446261681555976,0.0007753922732752065
0,No shift,Frozen causal latent SCM,expected_calibration_error,modular causal minus comparator,500,0.0014179166061382435,0.0007548571613810154,0.002080976050895472
0,No shift,Frozen causal latent SCM,accuracy_any_missing,modular causal minus comparator,500,-1.2503822051506797e-05,-0.0007488792975864891,0.0007238716534834755
1,Kidney only,Pooled associative latent class model,accuracy,modular causal minus comparator,500,0.05161199999999998,0.050232019084082126,0.05299198091591783
1,Kidney only,Pooled associative latent class model,adjusted_rand_index,modular causal minus comparator,500,0.11898424370121669,0.11591379390430444,0.12205469349812893
1,Kidney only,Pooled associative latent class model,false_atrial_renal_competing,modular causal minus comparator,500,-0.29508600784109695,-0.30025537620305404,-0.28991663947913987
1,Kidney only,Pooled associative latent class model,brier_score,modular causal minus comparator,500,-0.033785710475567055,-0.03462632274088241,-0.0329450982102517
1,Kidney only,Pooled associative latent class model,expected_calibration_error,modular causal minus comparator,500,-0.05933721227943784,-0.06194299974152666,-0.056731424817349024
1,Kidney only,Pooled associative latent class model,accuracy_any_missing,modular causal minus comparator,500,0.044148533617802715,0.04146783286948695,0.04682923436611848
1,Kidney only,Target-calibrated associative latent model,accuracy,modular causal minus comparator,500,0.004015999999999993,0.0033041113814360518,0.004727888618563933
1,Kidney only,Target-calibrated associative latent model,adjusted_rand_index,modular causal minus comparator,500,0.009847359275217103,0.008103291994256313,0.011591426556177892
1,Kidney only,Target-calibrated associative latent model,false_atrial_renal_competing,modular causal minus comparator,500,-0.005711164568039702,-0.009804694812449392,-0.0016176343236300132
1,Kidney only,Target-calibrated associative latent model,brier_score,modular causal minus comparator,500,-0.0027143683462227484,-0.00309230227127175,-0.0023364344211737466
1,Kidney only,Target-calibrated associative latent model,expected_calibration_error,modular causal minus comparator,500,-0.006968629942096525,-0.008417563908057476,-0.005519695976135576
1,Kidney only,Target-calibrated associative latent model,accuracy_any_missing,modular causal minus comparator,500,0.0029882456349848196,0.0017598023231313244,0.004216688946838315
1,Kidney only,Frozen causal latent SCM,accuracy,modular causal minus comparator,500,0.016067999999999968,0.015070454579373997,0.01706554542062594
1,Kidney only,Frozen causal latent SCM,adjusted_rand_index,modular causal minus comparator,500,0.03920633172186983,0.036787578216655126,0.04162508522708454
1,Kidney only,Frozen causal latent SCM,false_atrial_renal_competing,modular causal minus comparator,500,-0.1565228760229922,-0.1605208397401391,-0.1525249123058453
1,Kidney only,Frozen causal latent SCM,brier_score,modular causal minus comparator,500,-0.011158616625727268,-0.011717044271340325,-0.010600188980114212
1,Kidney only,Frozen causal latent SCM,expected_calibration_error,modular causal minus comparator,500,-0.03437970024759526,-0.03678460704842578,-0.031974793446764745
1,Kidney only,Frozen causal latent SCM,accuracy_any_missing,modular causal minus comparator,500,0.014145325461701731,0.012264718915528796,0.016025932007874666
2,Inflammation only,Pooled associative latent class model,accuracy,modular causal minus comparator,500,0.01644799999999997,0.01553141241175,0.01736458758824994
2,Inflammation only,Pooled associative latent class model,adjusted_rand_index,modular causal minus comparator,500,0.040388713088866796,0.0381440247655837,0.04263340141214989
2,Inflammation only,Pooled associative latent class model,false_atrial_renal_competing,modular causal minus comparator,500,-0.08661885437846237,-0.09133247252980513,-0.08190523622711961
2,Inflammation only,Pooled associative latent class model,brier_score,modular causal minus comparator,500,-0.010205137017177273,-0.010584786791274626,-0.00982548724307992
2,Inflammation only,Pooled associative latent class model,expected_calibration_error,modular causal minus comparator,500,-0.008077103872769647,-0.009725918856154318,-0.006428288889384976
2,Inflammation only,Pooled associative latent class model,accuracy_any_missing,modular causal minus comparator,500,0.015702159927260276,0.013354094553400033,0.01805022530112052
2,Inflammation only,Target-calibrated associative latent model,accuracy,modular causal minus comparator,500,0.003723999999999991,0.0030202640990124336,0.004427735900987549
2,Inflammation only,Target-calibrated associative latent model,adjusted_rand_index,modular causal minus comparator,500,0.009238614724419532,0.007501516999079071,0.010975712449759993
2,Inflammation only,Target-calibrated associative latent model,false_atrial_renal_competing,modular causal minus comparator,500,-0.0070991041153514334,-0.011711074493102984,-0.002487133737599884
2,Inflammation only,Target-calibrated associative latent model,brier_score,modular causal minus comparator,500,-0.0025049244829169143,-0.0028509218476315767,-0.002158927118202252
2,Inflammation only,Target-calibrated associative latent model,expected_calibration_error,modular causal minus comparator,500,-0.006329275444222393,-0.007739344096709854,-0.004919206791734932
2,Inflammation only,Target-calibrated associative latent model,accuracy_any_missing,modular causal minus comparator,500,0.002902252785515041,0.0017422092759644238,0.0040622962950656585
2,Inflammation only,Frozen causal latent SCM,accuracy,modular causal minus comparator,500,-0.0009219999999999964,-0.00139325210434646,-0.00045074789565353266
2,Inflammation only,Frozen causal latent SCM,adjusted_rand_index,modular causal minus comparator,500,-0.0022871909272889524,-0.00347490642650718,-0.0010994754280707246
2,Inflammation only,Frozen causal latent SCM,false_atrial_renal_competing,modular causal minus comparator,500,-0.0015202786645156134,-0.005069959423086067,0.0020294020940548403
2,Inflammation only,Frozen causal latent SCM,brier_score,modular causal minus comparator,500,0.0007622468677393339,0.0006071621217657727,0.0009173316137128951
2,Inflammation only,Frozen causal latent SCM,expected_calibration_error,modular causal minus comparator,500,0.0023078762682527845,0.0014517522902587321,0.003164000246246837
2,Inflammation only,Frozen causal latent SCM,accuracy_any_missing,modular causal minus comparator,500,0.000120296927713333,-0.000906064681673119,0.001146658537099785
3,Assay only,Pooled associative latent class model,accuracy,modular causal minus comparator,500,0.01286799999999997,0.01204150704555054,0.013694492954449399
3,Assay only,Pooled associative latent class model,adjusted_rand_index,modular causal minus comparator,500,0.03173829264856827,0.029706793917553796,0.03376979137958275
3,Assay only,Pooled associative latent class model,false_atrial_renal_competing,modular causal minus comparator,500,-0.12871553991085982,-0.13333221762219685,-0.12409886219952278
3,Assay only,Pooled associative latent class model,brier_score,modular causal minus comparator,500,-0.008283982080277273,-0.00858459210204998,-0.007983372058504567
3,Assay only,Pooled associative latent class model,expected_calibration_error,modular causal minus comparator,500,-0.0010433095009282135,-0.002068937904862729,-1.768109699369809e-05
3,Assay only,Pooled associative latent class model,accuracy_any_missing,modular causal minus comparator,500,0.011210596484240788,0.009191133254320066,0.01323005971416151
3,Assay only,Target-calibrated associative latent model,accuracy,modular causal minus comparator,500,0.002989999999999992,0.002466031888311137,0.0035139681116888467
3,Assay only,Target-calibrated associative latent model,adjusted_rand_index,modular causal minus comparator,500,0.007442878405144618,0.006133653796004451,0.008752103014284786
3,Assay only,Target-calibrated associative latent model,false_atrial_renal_competing,modular causal minus comparator,500,-0.005794515700208564,-0.010080891199410878,-0.0015081402010062488
3,Assay only,Target-calibrated associative latent model,brier_score,modular causal minus comparator,500,-0.0019602717864872637,-0.00220243469761256,-0.0017181088753619675
3,Assay only,Target-calibrated associative latent model,expected_calibration_error,modular causal minus comparator,500,-0.004004450264701189,-0.0049146838536591655,-0.0030942166757432117
3,Assay only,Target-calibrated associative latent model,accuracy_any_missing,modular causal minus comparator,500,0.0018720045662369328,0.000776223178628454,0.0029677859538454116
3,Assay only,Frozen causal latent SCM,accuracy,modular causal minus comparator,500,-0.0007859999999999994,-0.0011326322866460304,-0.0004393677133539683
3,Assay only,Frozen causal latent SCM,adjusted_rand_index,modular causal minus comparator,500,-0.0019835903733790706,-0.002860019336213877,-0.001107161410544264
3,Assay only,Frozen causal latent SCM,false_atrial_renal_competing,modular causal minus comparator,500,-0.0032253814654109405,-0.006615493925729645,0.0001647309949077639
3,Assay only,Frozen causal latent SCM,brier_score,modular causal minus comparator,500,0.0006600092207154027,0.0005446261681555983,0.0007753922732752071
3,Assay only,Frozen causal latent SCM,expected_calibration_error,modular causal minus comparator,500,0.001417916606138243,0.0007548571613810149,0.002080976050895471
3,Assay only,Frozen causal latent SCM,accuracy_any_missing,modular causal minus comparator,500,-1.2503822051506797e-05,-0.0007488792975864891,0.0007238716534834755
4,Missingness only,Pooled associative latent class model,accuracy,modular causal minus comparator,500,0.01197000000000001,0.0110478178608678,0.01289218213913222
4,Missingness only,Pooled associative latent class model,adjusted_rand_index,modular causal minus comparator,500,0.02540315716705754,0.02344841324676029,0.02735790108735479
4,Missingness only,Pooled associative latent class model,false_atrial_renal_competing,modular causal minus comparator,500,-0.11818901008055163,-0.12324955478301503,-0.11312846537808824
4,Missingness only,Pooled associative latent class model,brier_score,modular causal minus comparator,500,-0.007182316884459871,-0.0074664547372195285,-0.006898179031700214
4,Missingness only,Pooled associative latent class model,expected_calibration_error,modular causal minus comparator,500,-0.0013923111946355644,-0.002508392706608355,-0.00027622968266277355
4,Missingness only,Pooled associative latent class model,accuracy_any_missing,modular causal minus comparator,500,0.0112614454237801,0.010135220552465931,0.012387670295094268
4,Missingness only,Target-calibrated associative latent model,accuracy,modular causal minus comparator,500,0.0028740000000000024,0.0023579443544812792,0.0033900556455187256
4,Missingness only,Target-calibrated associative latent model,adjusted_rand_index,modular causal minus comparator,500,0.0061575794561317424,0.0050432228411346185,0.007271936071128866
4,Missingness only,Target-calibrated associative latent model,false_atrial_renal_competing,modular causal minus comparator,500,-0.005127213739892454,-0.009346404503497056,-0.0009080229762878514
4,Missingness only,Target-calibrated associative latent model,brier_score,modular causal minus comparator,500,-0.0017888137534661046,-0.0019938172596253283,-0.001583810247306881
4,Missingness only,Target-calibrated associative latent model,expected_calibration_error,modular causal minus comparator,500,-0.003275833710101346,-0.004120777016439189,-0.002430890403763503
4,Missingness only,Target-calibrated associative latent model,accuracy_any_missing,modular causal minus comparator,500,0.0022234354618904935,0.0016446444887953395,0.0028022264349856474
4,Missingness only,Frozen causal latent SCM,accuracy,modular causal minus comparator,500,-0.0011020000000000008,-0.0015025461993773827,-0.0007014538006226188
4,Missingness only,Frozen causal latent SCM,adjusted_rand_index,modular causal minus comparator,500,-0.0023704018398686888,-0.003240579645358765,-0.0015002240343786125
4,Missingness only,Frozen causal latent SCM,false_atrial_renal_competing,modular causal minus comparator,500,-0.0022051513188846403,-0.005963191570640199,0.0015528889328709182
4,Missingness only,Frozen causal latent SCM,brier_score,modular causal minus comparator,500,0.0007905480439976864,0.0006613533914637367,0.0009197426965316362
4,Missingness only,Frozen causal latent SCM,expected_calibration_error,modular causal minus comparator,500,0.0012639598845081222,0.0005501907922967123,0.0019777289767195323
4,Missingness only,Frozen causal latent SCM,accuracy_any_missing,modular causal minus comparator,500,-0.0008323863775184939,-0.0012949302282033353,-0.00036984252683365233
5,Combined strong,Pooled associative latent class model,accuracy,modular causal minus comparator,500,0.042304000000000036,0.041052773832100625,0.04355522616789945
5,Combined strong,Pooled associative latent class model,adjusted_rand_index,modular causal minus comparator,500,0.08617151251431954,0.08363995218575242,0.08870307284288666
5,Combined strong,Pooled associative latent class model,false_atrial_renal_competing,modular causal minus comparator,500,-0.22209469015734237,-0.22748355379576396,-0.21670582651892079
5,Combined strong,Pooled associative latent class model,brier_score,modular causal minus comparator,500,-0.026134118098032167,-0.02681390050517015,-0.025454335690894184
5,Combined strong,Pooled associative latent class model,expected_calibration_error,modular causal minus comparator,500,-0.029679206045969152,-0.031838217136886886,-0.027520194955051414
5,Combined strong,Pooled associative latent class model,accuracy_any_missing,modular causal minus comparator,500,0.04016101122138931,0.0386964284107316,0.04162559403204703
5,Combined strong,Target-calibrated associative latent model,accuracy,modular causal minus comparator,500,0.004654000000000004,0.0038244627295420035,0.005483537270458003
5,Combined strong,Target-calibrated associative latent model,adjusted_rand_index,modular causal minus comparator,500,0.010039207037428948,0.00826059013048349,0.011817823944374407
5,Combined strong,Target-calibrated associative latent model,false_atrial_renal_competing,modular causal minus comparator,500,-0.008469313322186141,-0.013266607683409839,-0.003672018960962445
5,Combined strong,Target-calibrated associative latent model,brier_score,modular causal minus comparator,500,-0.003082719877591671,-0.0034977979088183734,-0.0026676418463649687
5,Combined strong,Target-calibrated associative latent model,expected_calibration_error,modular causal minus comparator,500,-0.007721947027942475,-0.009455406788648939,-0.005988487267236012
5,Combined strong,Target-calibrated associative latent model,accuracy_any_missing,modular causal minus comparator,500,0.003453633641117759,0.0026329183840550704,0.004274348898180447
5,Combined strong,Frozen causal latent SCM,accuracy,modular causal minus comparator,500,0.01421000000000001,0.013263702290508366,0.015156297709491656
5,Combined strong,Frozen causal latent SCM,adjusted_rand_index,modular causal minus comparator,500,0.03042709822919295,0.02840554353869274,0.032448652919693156
5,Combined strong,Frozen causal latent SCM,false_atrial_renal_competing,modular causal minus comparator,500,-0.14083465520117605,-0.14519352331628424,-0.13647578708606786
5,Combined strong,Frozen causal latent SCM,brier_score,modular causal minus comparator,500,-0.009302155443674678,-0.009807328859946948,-0.008796982027402409
5,Combined strong,Frozen causal latent SCM,expected_calibration_error,modular causal minus comparator,500,-0.024609604174934758,-0.02690076281318525,-0.022318445536684266
5,Combined strong,Frozen causal latent SCM,accuracy_any_missing,modular causal minus comparator,500,0.012454746879585378,0.0113657821487898,0.013543711610380956
